Property_name,Property_type,Property_size,Total_rooms,Bedrooms,Bathrooms,Location,Price(Euros)
Montmartre - Sacré-coeur - Perfect pied-à-terre with amazing views,Apartments,39,3,1,1,"Paris, Ile-De-France, 75018 France",589999
Renovated flat with open view - Paris 4th - Marais,Apartments,41,2,1,1,"Paris, Ile-De-France, 75004 France",585000
Saint-Germain-des-Prés / rue Cassette,Apartments,37,NA,1,2,"Paris, Ile-De-France, 75006 France",580000
Paris 8 - Champs-Elysées - Deux pièces - Dernier étage,Apartments,45,2,1,2,"Paris, Ile-De-France, 75008 France",580000
Saint-Germain-des-Prés,Apartments,28,NA,1,2,"Paris, Ile-De-France, 75006 France",560000
Saint-Germain-des-Prés,Apartments,28,NA,1,2,"Paris, Ile-De-France, 75006 France",560000
"PARIS 17, MONCEAU PARK",Apartments,43,NA,1,2,"Paris, Ile-De-France, 75017 France",549999
House,Single Family Homes,40,NA,1,2,"Paris, Ile-De-France, 75003 France",548999
Perfect Pied-à-terre in front of the Jardins du Luxembourg,Apartments,40,NA,1,2,"Paris, Ile-De-France, 75006 France",530000
Paris 4th - Place des Vosges,Apartments,27,2,1,1,"Paris, Ile-De-France, 75004 France",524999
Paris 4th. Vosges/Sévigné. Quiet apartment with a view of a wooded garden,Apartments,36,4,1,2,"Paris, Ile-De-France, 75004 France",521999
Prestigious apartment for sale faubourg Saint Germain in Paris 7,Apartments,44,3,1,2,"Paris, Ile-De-France, 75006 France",448999
FOR SALE - Apartment - 1 bedroom - Lamarck-Caulaincourt - 75018 PARIS,Apartments,38,2,1,2,"Paris, Ile-De-France, 75018 France",425000
Studio/Saint Germain-Odéon,Apartments,22,1,NA,NA,"Paris, Ile-De-France, 75006 France",400000
Apartment,Apartments,21,1,NA,1,"Paris, Ile-De-France, 75003 France",329000
Triplex,Apartments,848,12,5,5,"Paris, Ile-De-France, 75007 France",38000000
Prosperous house,Single Family Homes,577,10,7,14,"Paris, Ile-De-France, 75004 France",29599999
Apartment in Paris 8th - Place Beauvau,Apartments,316,8,3,5,"Paris, Ile-De-France, 75008 France",15999999
Triplex,Apartments,375,5,3,2,"Paris, Ile-De-France, 75004 France",15749999
"In a quiet and as in the countryside, magnificent property with works.",Single Family Homes,265,10,3,5,"Paris, Ile-De-France, 75007 France",15600000
Paris XVI - Art deco Penthouse opening on terraces,Apartments,433,10,4,4,"Paris, Ile-De-France, 75016 France",15099999
Mansion,Single Family Homes,618,15,7,7,"Paris, Ile-De-France, 75004 France",13949999
Paris 8th - Faubourg Saint-Honoré / Elysée - Private mansion,Single Family Homes,455,9,5,NA,"Paris, Ile-De-France, 75008 France",12899999
Rare apartment by Jacques Garcia,Apartments,358,NA,5,5,"Paris, Ile-De-France, 75016 France",12599999
Paris 16ème- AUTEUIL HIPPODROME,Apartments,265,NA,4,3,"Paris, Ile-De-France, 75016 France",12599999
Paris XVI - Superb house nested in a private greenery environment,Single Family Homes,495,10,4,5,"Paris, Ile-De-France, 75016 France",10499999
Hôtel des Invalides - Paris 7th,Apartments,317,9,2,2,"Paris, Ile-De-France, 75007 France",10499999
Elegant renovated family apartment close to Rue du Bac,Apartments,327,7,3,3,"Paris, Ile-De-France, 75007 France",9979999
Trocadéro - Reception apartment with Eiffel Tower view,Apartments,305,NA,4,9,"Paris, Ile-De-France, 75016 France",9000000
Apartment in Paris 16th - Pompe / Victor Hugo,Apartments,269,6,4,NA,"Paris, Ile-De-France, 75016 France",8899999
Apartment,Apartments,257,6,3,7,"Paris, Ile-De-France, 75007 France",8849999
Magnificent family and reception apartment close to the Avenue Montaigne,Apartments,346,NA,4,8,"Paris, Ile-De-France, 75008 France",8499999
Apartment in Paris 8th - Triangle d'Or,Apartments,356,10,5,5,"Paris, Ile-De-France, 75008 France",8499999
Prestigious apartment for sale golden triangle Paris 8,Apartments,192,5,3,3,"Paris, Ile-De-France, 75008 France",8495000
Apartment with garden - Bon Marché,Apartments,190,5,2,5,"Paris, Ile-De-France, 75006 France",7990000
Apartment,Apartments,220,NA,2,5,"Paris, Ile-De-France, 75004 France",7900000
Duplex,Duplex Homes,194,NA,5,8,"Paris, Ile-De-France, 75006 France",7900000
Palais de l'Elysée - Place Beauvau,Duplex Homes,205,5,3,7,"Paris, Ile-De-France, 75008 France",7850000
Prestigious property - Paris VII - Saint Germain des Prés,Apartments,188,5,3,6,"Paris, Ile-De-France, 75007 France",7592000
Mansion,Single Family Homes,293,8,4,9,"Paris, Ile-De-France, 75116 France",7399999
Elegant bright family apartment with balcony in Paris 16th.,Apartments,267,7,4,3,"Paris, Ile-De-France, 75016 France",7279999
Apartment in Paris 16th - Henri Martin,Apartments,243,6,3,3,"Paris, Ile-De-France, 75016 France",7099999
"Rare townhouse with garden, in the heart of the Gros Caillou district.",Townhouse,262,9,6,4,"Paris, Ile-De-France, 75007 France",6995000
luxury apartment for sale paris 7,Apartments,270,8,5,6,"Paris, Ile-De-France, 75007 France",6980000
Bright duplex apartment with balconies in Paris,Apartments,225,5,1,3,"Paris, Ile-De-France, 75004 France",6499999
Saint-Germain-des-Prés,Duplex Homes,171,NA,2,8,"Paris, Ile-De-France, 75006 France",6499999
Apartment,Apartments,178,4,2,6,"Paris, Ile-De-France, 75008 France",6499800
Paris Jardin du Trocadéro three-bedroom apartment exceptional Eiffel Tower view,Apartments,209,NA,3,7,"Paris, Ile-De-France, 75016 France",6490000
Paris 8th - An elegant 189 sq.m mansion - Commercial use,Single Family Homes,143,5,NA,NA,"Paris, Ile-De-France, 75008 France",6299999
Duplex,Duplex Homes,284,9,5,NA,"Paris, Ile-De-France, 75007 France",6299999
Apartment,Apartments,178,NA,3,3,"Paris, Ile-De-France, 75008 France",6249999
Apartment in Paris 16th - Trocadéro,Apartments,247,5,3,3,"Paris, Ile-De-France, 75016 France",6199999
Apartment with terraces for sale in Paris 16th - Passy,Apartments,260,NA,NA,7,"Paris, Ile-De-France, 75016 France",6199999
Quai Voltaire,Duplex Homes,208,NA,2,5,"Paris, Ile-De-France, 75007 France",5899999
Hoche / Parc Monceau,Single Family Homes,285,9,6,6,"Paris, Ile-De-France, 75008 France",5879999
Hôtel particulier Paris 17ème - Pereire,Single Family Homes,396,9,6,4,"Paris, Ile-De-France, 75017 France",5750000
Saint-Germain-des- Prés-/Rue Bonaparte,Apartments,165,5,2,5,"Paris, Ile-De-France, 75006 France",5750000
Paris 7th - Rue du Bac beautiful renovated house,Duplex Homes,156,NA,4,7,"Paris, Ile-De-France, 75007 France",5500000
Paris V - Family and reception apartment place du Panthéon,Apartments,252,7,5,5,"Paris, Ile-De-France, 75005 France",5489999
Avenue Montaigne,Apartments,163,6,3,4,"Paris, Ile-De-France, 75008 France",
Apartment,Apartments,306,NA,2,3,"Paris, Ile-De-France, 75003 France",4989999
Golden Triangle: a rare 3 bedroom turnkey apartment,Apartments,158,NA,3,3,"Paris, Ile-De-France, 75008 France",4950000
PARIS XVII - Villa des Ternes,Duplex Homes,210,NA,4,6,"Paris, Ile-De-France, 75017 France",4950000
Apartment in Paris 8th - Triangle d'or,Apartments,158,6,3,5,"Paris, Ile-De-France, 75008 France",4948000
Apartment in Paris 16th - Marceau / Pierre de Serbie,Apartments,284,NA,NA,NA,"Paris, Ile-De-France, 75116 France",4725000
Victor Hugo - Trocadéro,Duplex Homes,213,NA,4,3,"Paris, Ile-De-France, 75016 France",4700000
"Parc Monceau, magnificent reception apartment!",Apartments,246,7,3,6,"Paris, Ile-De-France, 75008 France",4639999
Apartment in Paris 16th - Victor Hugo,Apartments,277,8,5,4,"Paris, Ile-De-France, 75016 France",4580000
Prestige apartment : A contemporary apartment near Quai Voltaire,Apartments,203,NA,2,4,"Paris, Ile-De-France, 75007 France",4499999
Apartment in Paris 16th - Trocadéro,Apartments,145,5,3,4,"Paris, Ile-De-France, 75016 France",4499999
Apartment in Paris 16th - Trocadéro,Apartments,201,NA,2,2,"Paris, Ile-De-France, 75116 France",4479999
PARIS 8 - GOLDEN TRIANGLE,Apartments,200,NA,2,3,"Paris, Ile-De-France, 75008 France",4400000
"Appartement de Luxe - 16ème Arrondissement, Paris",Apartments,291,7,5,4,"Paris, Ile-De-France, 75016 France",4380000
Place Vendôme / Saint-Honoré - apartment with Parisian charm,Apartments,178,6,3,3,"Paris, Ile-De-France, 75001 France",4350000
Private mansion,Single Family Homes,326,7,4,6,"Paris, Ile-De-France, 75116 France",4350000
Family property with balconies close to the Jardin du Ranelagh,Apartments,234,6,3,3,"Paris, Ile-De-France, 75116 France",4299999
Trinité,Apartments,303,7,4,6,"Paris, Ile-De-France, 75009 France",4299999
Apartment in Paris 6th - Saint-Sulpice,Apartments,137,5,2,4,"Paris, Ile-De-France, 75006 France",4299999
Paris 1st - Rue de Rivoli / Tuileries,Apartments,306,NA,NA,6,"Paris, Ile-De-France, 75001 France",4199999
family and reception apartment close to the Jardins du Trocadéro.,Apartments,239,5,4,2,"Paris, Ile-De-France, 75116 France",4159999
"Avenue Montaigne. Pied-à-terre with terrace, two suites, a box.",Apartments,116,3,2,5,"Paris, Ile-De-France, 75008 France",3990000
Friedland Faubourg Saint-Honoré,Apartments,238,5,3,4,"Paris, Ile-De-France, 75008 France",3990000
House in Paris 14th - Alésia,Townhouse,376,10,5,NA,"Paris, Ile-De-France, 75014 France",3980000
Apartment,Apartments,228,NA,5,6,"Paris, Ile-De-France, 75017 France",3960000
Apartment in Paris 16th - Trocadéro,Apartments,249,5,4,6,"Paris, Ile-De-France, 75016 France",3949999
6-bedroom family apartment.,Apartments,284,9,6,7,"Paris, Ile-De-France, 75008 France",3899999
Duplex,Apartments,197,NA,2,3,"Paris, Ile-De-France, 75008 France",3890000
PARIS 8 - GOLDEN TRIANGLE,Apartments,200,NA,2,3,"Paris, Ile-De-France, 75008 France",3800000
Appartement de 302 m² aux beaux volumes - Paris 17ème - Etoile,Apartments,299,10,NA,NA,"Paris, Ile-De-France, 75017 France",3780000
Apartment in Paris 16th - La Muette,Apartments,224,6,3,5,"Paris, Ile-De-France, 75016 France",3750000
Saint-Germain-des-Prés Cherche-Midi,Townhouse,113,5,2,5,"Paris, Ile-De-France, 75006 France",3685000
Sole Agent - Nice three bedrooms apartment,Apartments,140,5,3,4,"Paris, Ile-De-France, 75007 France",3640000
Family home near Batignolles,Single Family Homes,365,NA,6,6,"Paris, Ile-De-France, 75017 France",3624999
Apartment in Paris 17th - Plaine Monceau,Apartments,275,9,7,8,"Paris, Ile-De-France, 75017 France",3599999
Paris VI - Stunning Reception Apartment,Apartments,143,4,2,2,"Paris, Ile-De-France, 75006 France",3520000
Apartment,Apartments,168,NA,3,6,"Paris, Ile-De-France, 75008 France",3500000
Apartment in Paris 5th - Notre Dame,Apartments,170,NA,NA,NA,"Paris, Ile-De-France, 75005 France",3500000
Apartment in Paris 16th - Passy,Apartments,179,6,2,5,"Paris, Ile-De-France, 75016 France",3500000
Apartment in Paris 16th - Foch,Apartments,205,5,3,5,"Paris, Ile-De-France, 75116 France",3394999
SUPERBE APPARTEMENT - PLEINE VUE TOUR EIFFEL,Apartments,114,5,2,4,"Paris, Ile-De-France, 75007 France",3390000
APPARTEMENT TRIANGLE D'OR - PARIS 8,Apartments,100,4,2,3,"Paris, Ile-De-France, 75008 France",3365000
Gros Caillou Université - Beautiful through apartment - 4 Bedrooms,Apartments,220,6,4,4,"Paris, Ile-De-France, 75007 France",3349999
PARIS 8 - GOLDEN TRIANGLE / MONTAIGNE / CHAMPS-ÉLYSÉES,Apartments,190,6,3,3,"Paris, Ile-De-France, 75008 France",3300000
Pompe Victor Hugo superbe appartement en parfait état,Apartments,257,NA,4,6,"Paris, Ile-De-France, 75016 France",3290000
Place Vendôme Marché Saint-Honoré,Duplex Homes,123,4,2,4,"Paris, Ile-De-France, 75001 France",3279999
FOR SALE - Apartment - Rare volumes of reception - St Georges - 75009 PARIS,Apartments,181,3,2,4,"Paris, Ile-De-France, 75009 France",3250000
Family and reception flat - Paris 16th - Foch-Victor Hugo,Apartments,287,NA,6,4,"Paris, Ile-De-France, 75116 France",3189999
Appartement familial et de réception,Apartments,240,6,3,3,"Paris, Ile-De-France, 75116 France",3149999
Private mansion in the heart of Saint-Germain-des-Prés'district,Townhouse,176,5,3,4,"Paris, Ile-De-France, 75006 France",3119999
FOR SALE - Elegant apartment - 4 bedrooms - PLACE SAINT-GEORGES - 75009 PARIS,Apartments,178,6,4,9,"Paris, Ile-De-France, 75009 France",3119999
PARIS XVI - Magnificent reception apartment with all the charm of the old,Apartments,229,NA,3,4,"Paris, Ile-De-France, 75016 France",3099999
Paris 16th - Charming reception apartment just steps away from Avenue Foch.,Apartments,217,6,3,4,"Paris, Ile-De-France, 75116 France",3000000
Apartment in Paris 16th - Foch,Apartments,218,8,3,4,"Paris, Ile-De-France, 75016 France",3000000
Apartment in Paris 7th - Champ de Mars,Apartments,124,NA,4,NA,"Paris, Ile-De-France, 75007 France",2990000
Beautiful renovated apartment,Apartments,158,6,4,5,"Paris, Ile-De-France, 75007 France",2990000
PARIS 8 - GOLDEN TRIANGLE / MONTAIGNE / PLACE FRANÇOIS 1ST,Apartments,154,5,3,4,"Paris, Ile-De-France, 75008 France",2970000
Appartement vue Tour Eiffel - Paris 16ème - Trocadéro,Apartments,216,8,3,4,"Paris, Ile-De-France, 75016 France",2950000
Observatoire - Charming apartment with garden,Apartments,140,5,3,4,"Paris, Ile-De-France, 75014 France",2950000
Duplex en dernier étage de 211m² refait par architecte,Apartments,208,4,3,3,"Paris, Ile-De-France, 75011 France",2950000
Apartment in Paris 5th - Jardin du Luxembourg,Apartments,197,6,NA,5,"Paris, Ile-De-France, 75005 France",2939999
"Place Vendôme, pied-à-terre.",Apartments,133,4,2,5,"Paris, Ile-De-France, 75001 France",2900000
Paris XVI- Ranelagh - Muette,Apartments,182,6,3,4,"Paris, Ile-De-France, 75016 France",2889999
Maison Paris 11eme,Single Family Homes,205,6,4,6,"Paris, Ile-De-France, 75011 France",2889999
Apartment,Apartments,106,4,2,1,"Paris, Ile-De-France, 75008 France",2799999
Duplex,Apartments,174,5,3,5,"Paris, Ile-De-France, 75007 France",2790000
148 sq.m. renovated family flat - Paris 3rd - Square du Temple,Apartments,148,5,3,4,"Paris, Ile-De-France, 75003 France",2790000
Rue des Saints-Pères - Elegant reception appartment,Apartments,126,5,2,3,"Paris, Ile-De-France, 75006 France",2700000
Apartment in Paris 16th - Foch,Apartments,177,5,3,3,"Paris, Ile-De-France, 75016 France",2689999
Iéna - Place des États-Unis,Apartments,216,NA,4,NA,"Paris, Ile-De-France, 75016 France",2652000
FOR SALE - Apartment - Commercial space - 75003 PARIS - Rambuteau - Le Marais,Apartments,126,4,2,6,"Paris, Ile-De-France, 75003 France",2650000
Exceptional apartment with view onto private gardens,Apartments,84,2,1,2,"Paris, Ile-De-France, 75007 France",2625000
Paris 5 - Charming 1 bedroom pied-à-terre on courtyard and seine,Apartments,93,NA,1,2,"Paris, Ile-De-France, 75005 France",2600000
APPARTEMENT DE RECEPTION - COEUR MARAIS,Apartments,202,8,4,5,"Paris, Ile-De-France, 75004 France",2589999
Paris 17th. Etoile,Apartments,194,NA,3,6,"Paris, Ile-De-France, 75017 France",2549999
Apartment in Paris 5th - Notre-Dame / Ile de la Cité,Apartments,97,4,2,3,"Paris, Ile-De-France, 75005 France",2519999
Apartment with terrace in front of the Jardins du Luxembourg,Apartments,122,NA,1,4,"Paris, Ile-De-France, 75006 France",2514000
Family apartment on the last floor with terrace close to the Bon Marché,Apartments,135,NA,4,4,"Paris, Ile-De-France, 75007 France",2499999
Zilveli House by Jean-Paul Goude,Land,213,NA,NA,NA,"Paris, Ile-De-France, 75019 France",2499999
Golden Triangle: three-bedroom apartment with luxurious renovation,Apartments,146,NA,3,3,"Paris, Ile-De-France, 75008 France",2495999
Paris 1st - Saint-Germain-l'Auxerrois. Reception apartment with stunning views.,Apartments,117,4,2,2,"Paris, Ile-De-France, 75001 France",2495000
House 30min from Paris,Single Family Homes,495,12,7,5,"Paris, Ile-De-France, 75011 France",2490000
Atelier d'Artiste,Single Family Homes,168,6,1,4,"Paris, Ile-De-France, 75014 France",2484000
Family apartment - 4 bedrooms - PARIS XVI,Apartments,172,6,4,6,"Paris, Ile-De-France, 75016 France",2479999
Gros Caillou - Three bedrooms apartment with work.,Apartments,173,6,4,3,"Paris, Ile-De-France, 75007 France",2459999
Family apartment - 4 bedrooms - PARIS XVI,Apartments,172,6,4,6,"Paris, Ile-De-France, 75016 France",2389999
Paris 7th - Apartment 2 bedrooms,Apartments,75,NA,2,4,"Paris, Ile-De-France, 75007 France",2380000
BEAUTIFUL FAMILY APARTMENT - OPEN VIEW,Apartments,154,NA,3,6,"Paris, Ile-De-France, 75016 France",2350000
Paris V - Magnificent apartment with all the charm of the old,Apartments,160,NA,4,3,"Paris, Ile-De-France, 75005 France",2350000
Paris 10ème - 5 pièces 4 chambres de 170m² refait à neuf,Apartments,169,5,4,4,"Paris, Ile-De-France, 75010 France",2300000
Apartment in Paris 16th - Trocadéro,Apartments,86,3,1,2,"Paris, Ile-De-France, 75016 France",2280000
Magnifique appartement entièrement rénové rue de l'Odéon,Apartments,103,4,2,4,"Paris, Ile-De-France, 75006 France",2269999
Paris VII- EXCLUSIVITY - Family apartment rue de Verneuil,Apartments,128,6,4,2,"Paris, Ile-De-France, 75007 France",2249999
Top floor - Eiffel Tower view,Apartments,176,NA,4,4,"Paris, Ile-De-France, 75015 France",2249999
Appartement familial et de réception,Apartments,152,NA,3,5,"Paris, Ile-De-France, 75017 France",2240000
Apartment,Apartments,108,NA,2,3,"Paris, Ile-De-France, 75006 France",2195000
Saint-Germain des Prés,Duplex Homes,104,NA,1,2,"Paris, Ile-De-France, 75006 France",2190000
Paris 18th - Montmartre - Apartment with Garden Renovated by an Architect,Apartments,87,NA,2,3,"Paris, Ile-De-France, 75018 France",2190000
FOR SALE - Exceptional apartment - Odeon - 75006 PARIS,Apartments,87,3,NA,NA,"Paris, Ile-De-France, 75006 France",2190000
Paris VII - Ségur - top floor apartment in perfect condition,Apartments,123,NA,3,2,"Paris, Ile-De-France, 75007 France",2190000
Paris 8 - Madeleine - Beautiful and renovated 3 BR apartment with balcony,Apartments,148,5,4,2,"Paris, Ile-De-France, 75008 France",2190000
Appartement familial 4 chambres - Vue dégagée,Apartments,173,6,4,3,"Paris, Ile-De-France, 75010 France",2179999
Passy,Apartments,154,5,3,5,"Paris, Ile-De-France, 75016 France",2154999
Duplex penthouse with terrace - Paris 14th district - Alesia,Apartments,117,4,3,5,"Paris, Ile-De-France, 75014 France",2154999
"Avenue Montaigne, Plaza Athénée, Pied-à-terre with two bedrooms.",Apartments,76,4,2,4,"Paris, Ile-De-France, 75008 France",2150000
Apartment in Paris 16th - Jasmin,Apartments,194,6,4,4,"Paris, Ile-De-France, 75016 France",2140000
Top floor with terrace at Saint-Germain-des-Prés,Duplex Homes,112,NA,3,3,"Paris, Ile-De-France, 75006 France",2120000
Apartment in Paris 16th - Place des Etats-Unis,Apartments,225,5,4,3,"Paris, Ile-De-France, 75016 France",2100000
Paris 4th - Top floor apartment with panoramic terrace and monument views,Apartments,101,4,2,1,"Paris, Ile-De-France, 75004 France",2080000
PARIS 16 - CHURCH OF AUTEUIL,Apartments,159,6,3,3,"Paris, Ile-De-France, 75016 France",2050000
Apartment in Paris 11th - Bastille Popincourt / Charonne,Apartments,188,NA,4,4,"Paris, Ile-De-France, 75011 France",1999999
Paris IX - Magnifique atelier rue des Martyrs,Apartments,153,6,4,4,"Paris, Ile-De-France, 75009 France",1995999
Loft-style apartment - Marché de Lévis - Villiers - 2 Rooms,Apartments,145,NA,2,4,"Paris, Ile-De-France, 75017 France",1989999
Family apartment with terrace and balcony - Pereire-Ampère,Apartments,146,5,3,3,"Paris, Ile-De-France, 75017 France",1989999
Nice bright apartment on the last floors with balconies and unobstructed views.,Apartments,100,4,2,4,"Paris, Ile-De-France, 75018 France",1989999
Charming duplex Saint Germain Des Prés center Paris,Apartments,108,4,2,4,"Paris, Ile-De-France, 75007 France",1989999
Paris 18th - Montmartre - Apartment with Garden Renovated by an Architect,Apartments,87,3,2,3,"Paris, Ile-De-France, 75018 France",1989999
Duplex for sale in Paris 4rd arr. - Place des Vosges.,Apartments,87,NA,2,2,"Paris, Ile-De-France, 75004 France",1989999
Apartment,Apartments,130,NA,3,3,"Paris, Ile-De-France, 75011 France",1989999
5-room apartment - Paris 10th - Gare de l'Est / Canal Saint-Martin,Apartments,149,5,3,4,"Paris, Ile-De-France, 75010 France",1980000
Apartment in Paris 16th - Dauphine,Apartments,136,5,3,4,"Paris, Ile-De-France, 75016 France",1974999
Charming apartment with stunning views in Paris 5th.,Apartments,142,4,2,2,"Paris, Ile-De-France, 75005 France",1969999
Paris 11. Loft de 170m² avec terrasse,Apartments,168,4,3,4,"Paris, Ile-De-France, 75011 France",1969999
Apartment,Apartments,89,5,2,2,"Paris, Ile-De-France, 75018 France",1920000
Apartment,Apartments,114,8,5,NA,"Paris, Ile-De-France, 75006 France",1899999
Paris 9 - 3 bedrooms apartment in the heart of the theater district,Apartments,145,4,3,2,"Paris, Ile-De-France, 75009 France",1895000
FOR SALE. - PARIS 0 - Apartment - 3 bedrooms - parking,Apartments,156,5,3,4,"Paris, Ile-De-France, 75009 France",1895000
Tuileries Garden / Place Vendôme - Beautiful Apartment,Apartments,72,2,1,2,"Paris, Ile-De-France, 75001 France",1890000
Passy - Kennedy : Beautiful apartment with views,Apartments,150,NA,5,3,"Paris, Ile-De-France, 75016 France",1890000
7th Arrondissement - Bac,Apartments,119,5,3,4,"Paris, Ile-De-France, 75007 France",1890000
Apartment in Paris 9th - Avenue Fochot,Apartments,96,NA,1,2,"Paris, Ile-De-France, 75009 France",1879999
PARIS 15 - PENTHOUSE WITH TERRACES,Apartments,136,5,3,4,"Paris, Ile-De-France, 75015 France",1874999
Paris 7th - 2 bedrooms - Gros caillou,Apartments,89,NA,2,4,"Paris, Ile-De-France, 75007 France",1872000
Lovely renovated apartment with terrace in the heart of Paris.,Apartments,102,NA,2,4,"Paris, Ile-De-France, 75002 France",1850000
"PARIS 17, TRIUMPHAL ARCH",Apartments,139,5,3,3,"Paris, Ile-De-France, 75017 France",1850000
Apartment in Paris 9th - Saint Georges,Apartments,125,NA,4,5,"Paris, Ile-De-France, 75009 France",1840000
Paris 17th / Villa des Ternes,Duplex Homes,118,NA,2,5,"Paris, Ile-De-France, 75017 France",1820000
Family apartment - 5 bedrooms - VILLAGE d'AUTEUIL - PARIS XVI,Apartments,159,7,5,4,"Paris, Ile-De-France, 75016 France",1800000
Contemporary house on 3 levels - Paris 19th - Bolivar,Single Family Homes,247,NA,3,7,"Paris, Ile-De-France, 75019 France",1798000
Apartment in Paris 8th - Montaigne / François 1er,Apartments,84,3,2,3,"Paris, Ile-De-France, 75008 France",1789999
3-room apartment - Paris 16th - Victor Hugo,Apartments,113,3,2,2,"Paris, Ile-De-France, 75016 France",1750000
Paris 20th - Saint-Blaise - Superb loft with Gustave Eiffel glass roof.,Apartments,237,5,2,4,"Paris, Ile-De-France, 75020 France",1750000
Perfect pied-a-terre VII,Apartments,82,3,2,4,"Paris, Ile-De-France, 75006 France",1750000
APPARTEMENT TRIANGLE D'OR - PARIS 8ème,Apartments,55,2,1,2,"Paris, Ile-De-France, 75008 France",1750000
Apartment in Paris 16th - Ranelagh,Apartments,120,4,3,3,"Paris, Ile-De-France, 75016 France",1739999
Apartment in Paris 16th - Belles Feuilles / Victor Hugo,Apartments,133,NA,3,4,"Paris, Ile-De-France, 75016 France",1735000
Apartment for sale in Paris 15th - Seine,Apartments,134,5,3,4,"Paris, Ile-De-France, 75015 France",1694999
Paris 13 - 102m² apartment with 80m² terrace,Apartments,180,3,2,1,"Paris, Ile-De-France, 75013 France",1694999
Apartment in Paris 19th - Saint Georges,Apartments,115,NA,3,4,"Paris, Ile-De-France, 75009 France",1690000
Paris 6th - Superb apartment on the top floor with balcony and exceptional views,Apartments,50,NA,1,2,"Paris, Ile-De-France, 75006 France",1690000
Perfect pied-à-terre - Place Vendôme,Apartments,86,3,2,1,"Paris, Ile-De-France, 75001 France",1690000
Elegant 5 rooms - Paris XVI,Apartments,136,5,2,3,"Paris, Ile-De-France, 75016 France",1690000
Perfect condition-Saint-Germain de Prés-Two bedrooms,Apartments,79,3,2,2,"Paris, Ile-De-France, 75005 France",1680000
Paris 12 - Daumesnil - Apartment with double terrace,Apartments,140,4,2,3,"Paris, Ile-De-France, 75012 France",1669999
FOR SALE - Apartment - Bourse du Commerce - 75001 PARIS - 2 bedrooms - 1 office,Apartments,100,4,3,4,"Paris, Ile-De-France, 75001 France",1669999
Trinité,Apartments,114,4,2,4,"Paris, Ile-De-France, 75009 France",1669999
Sole Agent - Crossing apartment with balcony,Apartments,101,NA,2,4,"Paris, Ile-De-France, 75009 France",1665000
Rue du Bac : perfect renovated pied-à-terre.,Apartments,73,3,2,2,"Paris, Ile-De-France, 75007 France",1649999
High floor family apartment with balcony - Ternes/Maillot,Apartments,135,5,3,2,"Paris, Ile-De-France, 75017 France",1649999
Paris 16 - Art Deco apartment,Apartments,148,5,3,5,"Paris, Ile-De-France, 75016 France",1644999
Paris 8th - Golden Triangle - Luxurious apartment with terraces,Apartments,96,3,2,2,"Paris, Ile-De-France, 75008 France",1620000
Perfect Pied-à-terre / Rive Gauche,Apartments,90,4,2,2,"Paris, Ile-De-France, 75007 France",1599999
Family apartment to renovate - Porte Maillo,Apartments,125,5,3,2,"Paris, Ile-De-France, 75116 France",1599999
Prestigious apartment facing the Luxembourg Gardens,Apartments,104,5,NA,NA,"Paris, Ile-De-France, 75006 France",1599999
Paris 9 - Appartement 4 pièces 3 chambres de 125m²,Apartments,123,4,3,3,"Paris, Ile-De-France, 75009 France",1599999
Place Vendôme perfect pied-à-terre,Apartments,84,3,2,1,"Paris, Ile-De-France, 75001 France",1598999
Triplex,Apartments,92,3,2,3,"Paris, Ile-De-France, 75006 France",1590000
Paris 6 - rue Vavin-jardin du Luxembourg,Apartments,96,NA,3,2,"Paris, Ile-De-France, 75006 France",1590000
"Superb pied-à-terre on avenue d'Iéna to renovate, Paris XVI.",Apartments,133,3,1,4,"Paris, Ile-De-France, 75016 France",1590000
Apartment,Apartments,119,NA,2,2,"Paris, Ile-De-France, 75003 France",1579999
PARIS 8TH - Saint Augustin,Apartments,129,5,3,3,"Paris, Ile-De-France, 75008 France",1579999
Paris 9 - Place Saint Georges - elegant apartment like a boutique hôtel suite,Apartments,106,NA,1,2,"Paris, Ile-De-France, 75009 France",1550000
"Avenue Foch, belle opportunité",Apartments,148,NA,NA,NA,"Paris, Ile-De-France, 75016 France",1550000
Apartment for sale in Paris 3rd arr. - rue des Tournelles.,Apartments,127,5,3,2,"Paris, Ile-De-France, 75003 France",1529999
Paris 16 - Family apartment with terrace,Apartments,168,7,4,5,"Paris, Ile-De-France, 75016 France",1520000
Apartment in Paris 2nd - Place des Victoires,Apartments,102,NA,NA,NA,"Paris, Ile-De-France, 75002 France",1520000
Appartement de réception avenue de la Grande Armée,Apartments,128,3,1,NA,"Paris, Ile-De-France, 75017 France",1495000
Apartment,Apartments,68,3,2,4,"Paris, Ile-De-France, 75001 France",1489999
Familial apartment- 75017/Niel,Apartments,141,6,4,3,"Paris, Ile-De-France, 75017 France",1489999
Appartement familial - Vue dégagée - Paris XVI,Apartments,124,5,3,3,"Paris, Ile-De-France, 75016 France",1489999
Renovated and bright top floor apartment with a view of Les Invalides,Apartments,103,NA,2,2,"Paris, Ile-De-France, 75007 France",1480000
Paris VIe - Saint Sulpice,Apartments,77,NA,3,2,"Paris, Ile-De-France, 75006 France",1480000
Paris 18 - Amazing apartment with a private garden in the heart of Montmartre,Apartments,71,4,2,1,"Paris, Ile-De-France, 75018 France",1469999
Apartment,Apartments,94,3,2,3,"Paris, Ile-De-France, 75017 France",1469999
Apartment,Apartments,98,5,2,2,"Paris, Ile-De-France, 75009 France",1450000
Open-plan family flat - Vaugirard - Paris 15th,Apartments,130,NA,3,2,"Paris, Ile-De-France, 75015 France",1450000
Victor Hugo/rue de la Pompe,Apartments,88,NA,2,2,"Paris, Ile-De-France, 75016 France",1390000
Family duplex - Paris 4th - Rambuteau district,Duplex Homes,125,5,4,2,"Paris, Ile-De-France, 75004 France",1390000
EXCLUSIVITÉ - Paris 1er - Louvre /Rivoli - Charmant appartement Familial,Apartments,106,5,4,3,"Paris, Ile-De-France, 75001 France",1390000
Paris 7 - Gros Caillou/Saint Dominique,Apartments,91,NA,2,2,"Paris, Ile-De-France, 75007 France",1390000
PARIS XVI - Family apartment - 4 bedrooms,Apartments,150,6,4,5,"Paris, Ile-De-France, 75016 France",1390000
Paris XVI - La Fontaine - Castel Béranger,Apartments,83,4,1,2,"Paris, Ile-De-France, 75016 France",1380000
FOR SALE - Apartment as a loft - 75003 PARIS - Arts et Métiers - Rambuteau,Apartments,71,3,1,2,"Paris, Ile-De-France, 75003 France",1380000
Appartement vue dégagée,Apartments,117,NA,2,2,"Paris, Ile-De-France, 75016 France",1374999
Apartment,Apartments,56,NA,2,2,"Paris, Ile-De-France, 75006 France",1360000
Apartment,Apartments,56,NA,1,2,"Paris, Ile-De-France, 75006 France",1360000
Pereire / Batignolles,Apartments,127,NA,2,3,"Paris, Ile-De-France, 75017 France",1354999
Garden level in a building with swimming pool.,Apartments,43,2,1,2,"Paris, Ile-De-France, 75007 France",1349999
Magnificent renovated 2-room apartment - Eiffel Tower view - Gros Caillou,Apartments,50,NA,1,1,"Paris, Ile-De-France, 75007 France",1349999
Paris 3 Rambuteau 2/3 pièces traversant,Apartments,96,3,1,2,"Paris, Ile-De-France, 75003 France",1349999
Paris 9th - Renovated family apartment,Apartments,102,4,3,3,"Paris, Ile-De-France, 75009 France",1349999
Duplex,Duplex Homes,76,4,2,3,"Paris, Ile-De-France, 75012 France",1348999
Apartment in Paris 9th - Saint Georges-Martyrs,Apartments,83,4,3,2,"Paris, Ile-De-France, 75009 France",1299999
PARIS - GROS CAILLOUX - EIFFEL TOWER,Apartments,74,3,2,2,"Paris, Ile-De-France, 75007 France",1299999
Apartment in Paris 6th - Saint Germain des Prés,Apartments,83,NA,2,1,"Paris, Ile-De-France, 75006 France",1299000
Saint Thomas d'Aquin - Appartement avec vue et balcon.,Apartments,65,NA,1,2,"Paris, Ile-De-France, 75007 France",1295000
Apartment in Paris 16th - Flandrin,Apartments,59,2,1,1,"Paris, Ile-De-France, 75116 France",1295000
Paris 7 - Bon marché - 2 bedrooms,Apartments,73,NA,2,2,"Paris, Ile-De-France, 75007 France",1290000
Paris XVI- Flandrin - exceptional 'Pied à terre',Apartments,60,2,1,2,"Paris, Ile-De-France, 75116 France",1290000
Paris II - Contemporary apartment with open views on a high floor,Apartments,100,NA,3,3,"Paris, Ile-De-France, 75002 France",1290000
Paris IX - Charming apartment on a high floor with a large long balcony,Apartments,100,NA,2,4,"Paris, Ile-De-France, 75009 France",1270000
Paris 7th - Gros Caillou - 1 Bedroom,Apartments,49,2,1,2,"Paris, Ile-De-France, 75007 France",1259999
Avenue Foch - Apartment with garden,Apartments,70,2,1,1,"Paris, Ile-De-France, 75116 France",1250000
Paris 16th Victor Hugo,Apartments,106,5,NA,1,"Paris, Ile-De-France, 75016 France",1250000
Place Saint-Georges / Rue des Martyrs - Bright 2 bedrooms apartment,Apartments,95,NA,2,1,"Paris, Ile-De-France, 75009 France",1234999
Apartment,Apartments,94,NA,2,3,"Paris, Ile-De-France, 75003 France",1234999
Beautiful 3-room apartment with balcony - Hoche / Monceau,Apartments,76,3,1,NA,"Paris, Ile-De-France, 75008 France",1200000
Garden flat with gardens and terraces - Paris 12th - Daumesnil,Apartments,128,NA,3,4,"Paris, Ile-De-France, 75012 France",1200000
Appartement terrasse - Village d' Auteuil à PARIS XVI,Apartments,78,NA,1,2,"Paris, Ile-De-France, 75016 France",1189999
PARIS - SAINT GERMAIN DES PRES,Apartments,47,2,1,2,"Paris, Ile-De-France, 75006 France",1189999
Appartement terrasse - Village d' Auteuil à PARIS XVI,Apartments,78,NA,1,2,"Paris, Ile-De-France, 75016 France",1189999
PARIS III - Charming apartment with 3 bedrooms renovated in the Temple district.,Apartments,79,NA,3,3,"Paris, Ile-De-France, 75003 France",1169999
Paris XVI - Muette : Entirely renovated elegant and modern apartment,Apartments,89,NA,2,3,"Paris, Ile-De-France, 75016 France",1165999
3-room two-bedroom apartment on 5th floor with Eiffel Tower view,Apartments,75,3,2,1,"Paris, Ile-De-France, 75011 France",1160000
Paris 16 - Duplex dernier étage avec terrasse de plain pied et vue Tour Eiffel -,Apartments,98,4,2,NA,"Paris, Ile-De-France, 75016 France",1150000
Paris 11 - Chemin Vert,Apartments,87,NA,2,3,"Paris, Ile-De-France, 75011 France",1150000
Perfect pied-à-terre close to Rue Cler Market,Apartments,61,3,2,3,"Paris, Ile-De-France, 75007 France",1150000
Paris 6 - St Germain des Près - Pied-à-terre rénové - 2 Chambres,Apartments,63,NA,2,2,"Paris, Ile-De-France, 75006 France",1139999
Paris 6th - Saint-Germain-des-Prés / Rue Bonaparte,Apartments,61,NA,1,2,"Paris, Ile-De-France, 75006 France",1119999
DERNIER ETAGE - VUE TOUS MONUMENTS,Apartments,81,4,2,2,"Paris, Ile-De-France, 75016 France",1105000
Paris 17th - Beautiful renovated apartment,Apartments,61,3,1,2,"Paris, Ile-De-France, 75017 France",1099999
Apartment,Apartments,74,3,2,2,"Paris, Ile-De-France, 75016 France",1099999
Paris XVIII- Triplex avec Terrasse,Apartments,92,5,3,2,"Paris, Ile-De-France, 75018 France",1090000
Paris XVI - Victor Hugo Foch - perfect 'Pied à terre',Apartments,60,2,1,3,"Paris, Ile-De-France, 75116 France",1060000
Marché Ordener - Villa Montcalm,Apartments,98,5,3,2,"Paris, Ile-De-France, 75018 France",1045000
Apartment,Apartments,56,NA,1,2,"Paris, Ile-De-France, 75007 France",1000000
Paris 1 - Marché Saint Honoré - Profession libérale autorisée,Apartments,90,4,3,NA,"Paris, Ile-De-France, 75001 France",995000
"Village Faidherbe, mixed-use workshop-loft rehabilitated into 4 rooms.",Apartments,88,4,2,2,"Paris, Ile-De-France, 75011 France",995000
Exelmans- Rue de Civry-Rue de Varize. Beautiful family apartment for sale,Apartments,104,NA,3,3,"Paris, Ile-De-France, 75016 France",995000
Apartment,Apartments,64,3,2,2,"Paris, Ile-De-France, 75003 France",990000
Café de Flore-Eglise Saint-Germain,Apartments,61,NA,1,2,"Paris, Ile-De-France, 75006 France",979999
"Saint Thomas d'Aquin, bright and calm pied-à-terre.",Apartments,49,2,1,2,"Paris, Ile-De-France, 75007 France",979999
Duplex,Apartments,72,5,3,4,"Paris, Ile-De-France, 75004 France",959999
APPARTEMENT FAMILIAL ENSOLEILLE - BALCON ET VUE DEGAGEE,Apartments,74,4,3,2,"Paris, Ile-De-France, 75016 France",950000
Paris 8th - Avenue des Champs Elysées,Apartments,57,2,1,2,"Paris, Ile-De-France, 75008 France",945000
Apartment,Apartments,61,3,2,2,"Paris, Ile-De-France, 75002 France",930000
Paris IX Charming apartment with balcony and unobstructed views,Apartments,63,NA,2,3,"Paris, Ile-De-France, 75009 France",914999
Jasmine-Mozart - Beautiful apartment of 90.74 sq.m,Apartments,90,NA,2,1,"Paris, Ile-De-France, 75016 France",900000
Paris 14 / Montparnasse. 4 pièces 3 chambres au 17ème et dernier étage,Apartments,83,NA,2,2,"Paris, Ile-De-France, 75014 France",899000
Paris XI - EXCLUSIVITY - Magnificent renovated apartment with a large terrace,Apartments,63,NA,1,2,"Paris, Ile-De-France, 75011 France",899000
House - Paris 17th - Village des Ternes,Single Family Homes,71,3,2,2,"Paris, Ile-De-France, 75017 France",899000
Paris 11 - Appartement 3 pièces 2 chambres de 88m²,Apartments,88,3,2,2,"Paris, Ile-De-France, 75011 France",899000
Apartment,Apartments,118,4,2,2,"Paris, Ile-De-France, 75018 France",898000
Paris 4th - Charming Three-Room Apartment in the Heart of the Marais,Apartments,69,3,2,1,"Paris, Ile-De-France, 75004 France",894999
Apartment in Paris 11th - Charonne,Apartments,89,5,3,NA,"Paris, Ile-De-France, 75011 France",889999
Magnificent newly renovated loft - Jules Joffrin,Apartments,64,NA,2,2,"Paris, Ile-De-France, 75018 France",885000
Apartment in Paris 15th - Beaugrenelle,Apartments,39,1,1,1,"Paris, Ile-De-France, 75015 France",885000
Charming Haussmannian apartment,Apartments,59,4,2,1,"Paris, Ile-De-France, 75005 France",880000
École Militaire,Apartments,57,NA,1,2,"Paris, Ile-De-France, 75007 France",874000
Apartment,Apartments,89,NA,2,2,"Paris, Ile-De-France, 75009 France",849999
Family flat - Paris 11th - Bastille / Charonne,Apartments,81,4,3,3,"Paris, Ile-De-France, 75011 France",848999
Exclusivité 3 pièces 2 chambres de 67m² carrez et Jardin de 180m²,Apartments,245,3,2,2,"Paris, Ile-De-France, 75020 France",839999
Apartment in Paris 3rd - Marais,Apartments,54,3,2,2,"Paris, Ile-De-France, 75004 France",824999
Apartment in Paris 4rd - Place des Vosges,Apartments,54,3,2,2,"Paris, Ile-De-France, 75004 France",824999
9th and top floor with 180° terrace overlooking Paris,Apartments,83,4,2,2,"Paris, Ile-De-France, 75020 France",799999
Charming 3-room apartment with balcony - Saint Ferdinand - Paris 17th,Apartments,66,3,1,2,"Paris, Ile-De-France, 75017 France",799999
Saint-Germain-des-Prés,Apartments,45,2,NA,2,"Paris, Ile-De-France, 75006 France",797999
Saint-Germain-des-Prés,Apartments,41,2,NA,2,"Paris, Ile-De-France, 75006 France",790000
Appartement 2 chambres Place des Vosges,Apartments,63,3,2,1,"Paris, Ile-De-France, 75004 France",779999
Appartement familial - Paris XVI,Apartments,69,3,2,3,"Paris, Ile-De-France, 75016 France",779999
Apartment,Apartments,51,2,1,1,"Paris, Ile-De-France, 75003 France",778999
3 rooms renovated - Villiers/Batignolles,Apartments,67,3,2,1,"Paris, Ile-De-France, 75017 France",749999
Paris 2nd - Montorgueil - Elegant pied-à-terre renovated in a private mansion,Apartments,31,2,1,1,"Paris, Ile-De-France, 75002 France",749999
Flat with a view over the roofs of Paris - Paris 4th - Saint-Paul,Apartments,54,3,1,2,"Paris, Ile-De-France, 75004 France",749999
Apartment,Apartments,71,3,2,2,"Paris, Ile-De-France, 75015 France",748999
Apartment in Paris 5th - Notre Dame,Apartments,50,2,1,2,"Paris, Ile-De-France, 75005 France",745000
Apartment in Paris 16th - Ranelagh,Apartments,62,2,1,1,"Paris, Ile-De-France, 75016 France",740000
Montmartre : A two-room apartment with spectacular view on the Sacré-Coeur,Apartments,42,NA,1,1,"Paris, Ile-De-France, 75018 France",734999
3-room apartment overlooking Paris,Apartments,71,3,1,1,"Paris, Ile-De-France, 75013 France",720000
Saint-Germain-des-Prés,Duplex Homes,49,NA,1,2,"Paris, Ile-De-France, 75006 France",709999
Paris 3rd – Place des Vosges. Charming studio with balcony.,Apartments,54,1,NA,1,"Paris, Ile-De-France, 75003 France",695000
Apartment,Apartments,35,NA,1,2,"Paris, Ile-De-France, 75009 France",690000
Paris XVIII - Abbesses / Martyrs,Apartments,48,NA,1,1,"Paris, Ile-De-France, 75018 France",659999
Apartment,Apartments,36,2,1,2,"Paris, Ile-De-France, 75002 France",650000
Saint-Germain-des-Prés,Apartments,35,NA,1,2,"Paris, Ile-De-France, 75006 France",650000
Charming 3-room apartment in excellent condition - Legendre/Epinettes,Apartments,54,3,1,1,"Paris, Ile-De-France, 75017 France",645000
Charming 3-room apartment with balcony - marché Poncelet,Apartments,54,3,1,1,"Paris, Ile-De-France, 75017 France",645000
Paris 17th - Les Batinettes,Apartments,53,3,2,2,"Paris, Ile-De-France, 75017 France",634999
Saint-Germain-des-Prés,Apartments,38,NA,1,2,"Paris, Ile-De-France, 75006 France",600000
Luxembourg Gardens - Fully renovated apartment,Apartments,43,2,1,1,"Paris, Ile-De-France, 75005 France",599000
Service spacious rooms to renovate - Rue de Grenelle,Apartments,54,NA,2,1,"Paris, Ile-De-France, 75007 France",589999
Superb renovated apartment in the historic heart of the Marais,Apartments,45,2,NA,1,"Paris, Ile-De-France, 75003 France",589999
Superb renovated apartment in the historic heart of the Marais,Apartments,45,2,NA,1,"Paris, Ile-De-France, 75003 France",589999
Renovated flat with open view - Paris 4th - Marais,Apartments,41,2,1,1,"Paris, Ile-De-France, 75004 France",585000
Paris 8 - Champs-Elysées - Deux pièces - Dernier étage,Apartments,45,2,1,2,"Paris, Ile-De-France, 75008 France",580000
Saint-Germain-des-Prés / rue Cassette,Apartments,37,NA,1,2,"Paris, Ile-De-France, 75006 France",580000
Saint-Germain-des-Prés,Apartments,28,NA,1,2,"Paris, Ile-De-France, 75006 France",560000
Saint-Germain-des-Prés,Apartments,28,NA,1,2,"Paris, Ile-De-France, 75006 France",560000
"PARIS 17, MONCEAU PARK",Apartments,43,NA,1,2,"Paris, Ile-De-France, 75017 France",549999
House,Single Family Homes,40,NA,1,2,"Paris, Ile-De-France, 75003 France",548999
Perfect Pied-à-terre in front of the Jardins du Luxembourg,Apartments,40,NA,1,2,"Paris, Ile-De-France, 75006 France",530000
Paris 4th - Place des Vosges,Apartments,27,2,1,1,"Paris, Ile-De-France, 75004 France",524999
Paris 4th. Vosges/Sévigné. Quiet apartment with a view of a wooded garden,Apartments,36,4,1,2,"Paris, Ile-De-France, 75004 France",521999
Prestigious apartment for sale faubourg Saint Germain in Paris 7,Apartments,44,3,1,2,"Paris, Ile-De-France, 75006 France",448999
FOR SALE - Apartment - 1 bedroom - Lamarck-Caulaincourt - 75018 PARIS,Apartments,38,2,1,2,"Paris, Ile-De-France, 75018 France",425000
Studio/Saint Germain-Odéon,Apartments,22,1,NA,NA,"Paris, Ile-De-France, 75006 France",400000
Apartment,Apartments,21,1,NA,1,"Paris, Ile-De-France, 75003 France",329000
Passy / Muette District - Renovated Studio,,9 m²,,,,"Paris 16th Arrondissement (Passy, sud)","€125,000"
A Campaign Spirit!,,105 m²,5,4,1,"Paris 16th Arrondissement (Passy, sud)","€1,760,000"
Sèvres Babylon / Cheap - Family Apartment,Apartment,101 m²,4,3,1,Paris 7th Arrondissement (Palais-Bourbon),"€1,473,000"
None,,52 m²,2,2,,"Hauts-de-Seine (92), Levallois-Perret","€469,000"
Hôtel Particulier in the Heart of the Golden Triangle,,568 m²,20,10,10,"Val-de-Marne (94), Saint-Maur-des-Fossés","€4,990,000"
La Varenne St Hilaire - Magnificent Family Home with Swimming Pool Near the Marne River,,346 m²,7,5,2,"Val-de-Marne (94), La Varenne-Saint-Hilaire","€2,450,000"
A Campaign Spirit!,,105 m²,5,4,1,Paris 15th Arrondissement (Vaugirard),"€1,760,000"
Paris Viii - Prestigious Apartment Near the Champs Elysee,Apartment,100 m²,5,3,2,Paris 8th Arrondissement (Élysée),"€1,550,000"
"Charming Furnished Apartment of 31 m², Ideal Pied-À-Terre - Paris 8 - Avenue De Friedland",Studio,31 m²,2,1,1,Paris 8th Arrondissement (Élysée),"€435,000"
Favorite Apartment,Apartment,30 m²,1,1,,Paris 9th Arrondissement (Opéra),"€418,000"
Paris 15th - Rue De Vaugirard - 2P,,18 m²,1,1,,Paris 15th Arrondissement (Vaugirard),"€184,000"
Trocadero / Duplex Completely Renovated in the Quiet of a Cul-De-Sac,,84 m²,2,2,,"Paris 16th Arrondissement (Passy, sud)","€1,950,000"
Paris Vi - Saint-Germain - Duplex with Terrace,,43 m²,2,1,1,Paris 6th Arrondissement (Luxembourg),"€795,000"
Paris 18th - in the Heart of Montmartre. - Beautiful 2 Room Apartment of 29th Century - on Open Cou,Apartment,29 m²,1,1,,Paris 18th Arrondissement (Butte-Montmartre),"€298,000"
Beautiful Property with Swimming Pool in the Heart of Garches,,507 m²,8,6,2,"Hauts-de-Seine (92), Garches","€3,850,000"
Apartment Parc Monceau,Apartment,251 m²,7,4,3,Paris 17th Arrondissement (Batignolles-Monceau),"€3,200,000"
Paris 3rd - 2-Room Apartment,Apartment,37 m²,2,1,1,Paris 3rd Arrondissement (Temple),"€490,000"
5 Rooms Ideal Investor - Bare Property,,78 m²,4,4,,Paris 19th Arrondissement (Buttes-Chaumont),"€608,000"
3 Rooms Bare Property 7 Years,,67 m²,2,2,,Paris 14th Arrondissement (Observatoire),"€639,000"
3 Rooms Bare Owned 23 Years - 40% Discount,,61 m²,2,2,,"Hauts-de-Seine (92), Neuilly-sur-Seine","€522,100"
4 Rooms Bare Owned 8 Years - 22% Discount,,90 m²,3,3,,"Yvelines (78), Viroflay","€432,000"
Faubourg du Roule Family Apartment,Apartment,148 m²,4,3,1,Paris 8th Arrondissement (Élysée),"€2,062,000"
Paris 8th - Montaigne Triangle D'or - High Floor Apartment with Balcony,Apartment,193 m²,6,4,2,Paris 8th Arrondissement (Élysée),"€8,900,000"
75018 - Passage Lepic - Renovated Studio - Ground Floor,,17 m²,,,,Paris 18th Arrondissement (Butte-Montmartre),"€223,000"
Paris 15E - Rue De Vaugirard 4P,,60 m²,3,2,1,Paris 15th Arrondissement (Vaugirard),"€575,000"
"2 Bed Apartment for Sale in Paris 16th Arrondissement (Passy, Sud)",Apartment,75 m²,2,2,,"Paris 16th Arrondissement (Passy, sud)","€812,000"
1 Room(s) Apartment for Sale in Paris 4E Arrondissement,Studio,22 m²,2,1,1,Paris 4th Arrondissement (Hôtel-de-Ville),"€376,190"
1 Bed Apartment for Sale in Paris 7th Arrondissement (Palais-Bourbon),Apartment,24 m²,1,1,,Paris 7th Arrondissement (Palais-Bourbon),"€275,000"
1 Bed Apartment for Sale in Meudon,Apartment,44 m²,1,1,,"Hauts-de-Seine (92), Meudon","€187,200"
Garches - Apartment with Terrace,Apartment,78 m²,3,2,1,"Hauts-de-Seine (92), Garches","€575,000"
"Stunning 2-Bedroom Apartment with Panoramic Views on all Sides, Located in the Centre of Courbevoie on the Outskirts of …",Apartment,74 m²,3,2,1,"Hauts-de-Seine (92), Courbevoie","€575,000"
4 Room(s) House for Sale in Fontenay-Sous-Bois,,83 m²,3,2,1,"Val-de-Marne (94), Fontenay-sous-Bois","€679,500"
Paris Xviii la Fourche - 2-Room Apartment Refurbished,Apartment,48 m²,1,1,,Paris 18th Arrondissement (Butte-Montmartre),"€433,000"
Lourmel - Exhibition Center. Top Floor - Terraces,,137 m²,4,3,1,Paris 15th Arrondissement (Vaugirard),"€1,875,000"
Paris 7th - Turnkey Pied-À-Terre - 2 Rooms,,32 m²,,,,Paris 7th Arrondissement (Palais-Bourbon),"€545,000"
Lourmel - Exhibition Center. Top Floor - Terraces,,137 m²,4,3,1,Paris 15th Arrondissement (Vaugirard),"€1,875,000"
Paris 16 Trocadéro: Top Floor Terrace,,180 m²,2,2,,"Paris 16th Arrondissement (Passy, sud)","€5,750,000"
75018 - Passage Lepic - Renovated 2P - Ground Floor,,27 m²,1,1,,Paris 18th Arrondissement (Butte-Montmartre),"€330,000"
Paris 7th - 5 Rooms with Parking Lot,,124 m²,3,2,1,Paris 7th Arrondissement (Palais-Bourbon),"€1,995,000"
4 Room(s) Apartment for Sale in Paris 11E Arrondissement,Apartment,100 m²,4,2,2,Paris 11th Arrondissement (Popincourt),"€1,100,000"
Garches - Apartment with Terrace,Apartment,45 m²,1,1,,"Hauts-de-Seine (92), Garches","€300,000"
2/3 Bedrooms 16th Longchamp,,157 m²,2,2,,"Paris 16th Arrondissement (Passy, sud)","€2,100,000"
Exceptional 95m² Apartment between the Champs-Élysées and the Faubourg Saint-Honoré - Paris 8th,Apartment,94 m²,3,2,1,Paris 8th Arrondissement (Élysée),"€1,560,000"
Loft in the Heart of the Marais,Studio,69 m²,1,1,,Paris 4th Arrondissement (Hôtel-de-Ville),"€955,000"
Exclusive Apartment Near the Eiffel Tower,Apartment,146 m²,6,3,3,Paris 7th Arrondissement (Palais-Bourbon),"€4,850,000"
Paris Ii - 2 Bedroom Apartment,Apartment,90 m²,2,1,1,Paris 2nd Arrondissement (Bourse),"€1,768,000"
Renovated Apartment - Exceptional Location,Apartment,76 m²,4,3,1,Paris 7th Arrondissement (Palais-Bourbon),"€1,236,000"
Montmartre/Impasse du Tertre,,400 m²,5,4,1,Paris 18th Arrondissement (Butte-Montmartre),"€6,135,000"
Exceptional - Bac - Solferino,,350 m²,4,3,1,Paris 7th Arrondissement (Palais-Bourbon),"€9,980,000"
Exclusivity - Paris Xvi - Oecd - Exceptional Duplex with Garden,,548 m²,8,5,3,"Paris 16th Arrondissement (Passy, sud)","€ 1,18,45,000"
Paris 18th - Charming Top-Floor Duplex,,115 m²,5,4,1,Paris 18th Arrondissement (Butte-Montmartre),"€ 11,90,000"
1 Room(s) Apartment for Sale in Paris 16E Arrondissement,Apartment,28 m²,2,1,1,"Paris 16th Arrondissement (Passy, sud)","€ 4,80,000"
Arc De Triomphe - Exceptional Apartment,Apartment,250 m²,2,2,,Paris 8th Arrondissement (Élysée),"€ 1,50,00,000"
2 Room Apartment with Balcony in the Heart of the City,Apartment,43 m²,1,1,,"Hauts-de-Seine (92), Garches","€ 2,99,000"
Paris 1St - Apartement Close to the Place Vendome,,72 m²,2,2,,Paris 1st Arrondissement (Louvre),"€ 13,95,000"
5 Room(s) Apartment for Sale in Boulogne-Billancourt,Apartment,100 m²,5,3,2,"Hauts-de-Seine (92), Boulogne-Billancourt","€ 7,00,000"
Paris 7th - Baccalaureate/University - Studio,,13 m²,,,,Paris 7th Arrondissement (Palais-Bourbon),"€ 2,24,000"
1 Room(s) Apartment for Sale in Paris 4E Arrondissement,Apartment,12 m²,2,1,1,Paris 4th Arrondissement (Hôtel-de-Ville),"€ 1,85,000"
Reception Apartment Paris Viii Triangle D'or / Place François 1er,Apartment,181 m²,6,5,1,Paris 8th Arrondissement (Élysée),"€ 33,18,000"
Courtyard House of 17m²,,72 m²,2,2,,"Hauts-de-Seine (92), Rueil-Malmaison","€ 5,90,000"
4 Room(s) Apartment for Sale in Paris 13E Arrondissement,Apartment,93 m²,5,3,2,Paris 13th Arrondissement (Gobelins),"€ 10,70,000"
3 Room(s) Apartment for Sale in Paris,Apartment,74 m²,3,2,1,Paris 3rd Arrondissement (Temple),"€ 11,95,000"
"Apartment 2 Room(s), Paris 16TH District",Apartment,72 m²,2,1,1,"Paris 16th Arrondissement (Passy, sud)","€ 9,98,000"
3 Room(s) Apartment for Sale in Paris,Apartment,92 m²,4,2,2,"Paris 16th Arrondissement (Passy, sud)","€ 12,98,000"
8 Pieces Haussmanien,,192 m²,5,5,,Paris 10th Arrondissement (Enclos-St-Laurent / Entrepôt),"€ 20,90,000"
Paris 1st - Large Studio with Mezzanine - 2 Balconies,,31 m²,,,,Paris 1st Arrondissement (Louvre),"€ 4,99,000"
2 Room Apartment - Balcony - Garage,Apartment,46 m²,1,1,,"Seine-Saint-Denis (93), Neuilly-sur-Marne","€ 1,54,000"
Paris 6th - Strong Potential at the Gates of the Luxembourg Gardens,,118 m²,5,4,1,Paris 6th Arrondissement (Luxembourg),"€ 16,95,000"
5 Rooms 9% Yield in Paris 13,,86 m²,4,4,,Paris 13th Arrondissement (Gobelins),"€ 5,90,000"
Paris 8 Miromesnil / Monceau - Luxurious Apartment,Apartment,164 m²,4,3,1,Paris 8th Arrondissement (Élysée),"€ 26,90,000"
4 Rooms at the Foot of the Guy Môquet Metro Station,,100 m²,3,3,,Paris 17th Arrondissement (Batignolles-Monceau),"€ 2,50,000"
Paris Xvi - Passy - 2 Rooms with Turnkey Balcony,,54 m²,1,1,,"Paris 16th Arrondissement (Passy, sud)","€ 7,66,000"
House of Character with 138 m² of Garden in Paris 20th - 5 Minutes from Metro Gambetta,,112 m²,4,3,1,Paris 20th Arrondissement (Ménilmontant),"€ 13,65,000"
Paris V - 3 Room Apartment,Apartment,65 m²,3,2,1,Paris 5th Arrondissement (Panthéon),"€ 8,95,000"
Paris Xviii - Junot - 2 Room Apartment - Top Floor,Apartment,52 m²,1,1,,Paris 18th Arrondissement (Butte-Montmartre),"€ 8,90,000"
Rue Augereau - House in Co-Owned Residence,,103 m²,4,3,1,Paris 7th Arrondissement (Palais-Bourbon),"€ 18,60,000"
Saint Francis Xavier - Beautiful Classic,,132 m²,5,4,1,Paris 7th Arrondissement (Palais-Bourbon),"€ 19,90,000"
"Paris 17th - 3-Rooms Apartment, 2 Bedrooms, Terrace",Apartment,76 m²,3,2,1,Paris 17th Arrondissement (Batignolles-Monceau),"€ 8,30,000"
Paris Xvii - Parc Monceau - Private Mansion,,500 m²,7,5,2,Paris 17th Arrondissement (Batignolles-Monceau),"€ 59,50,000"
For Sale Paris 8th,,121 m²,3,2,1,Paris 8th Arrondissement (Élysée),"€ 18,69,000"
"Villa Scheffer. The Countryside, 5 Minutes from the Trocadero",,260 m²,8,5,3,"Paris 16th Arrondissement (Passy, nord)","€ 54,50,000"
3/4 Bedroom Family Apartment - Profession,Apartment,180 m²,5,4,1,Paris 7th Arrondissement (Palais-Bourbon),"€ 22,95,000"
Paris 7th District - Eiffel Tower - Champs De Mars,Studio,126 m²,1,1,,Paris 7th Arrondissement (Palais-Bourbon),"€ 19,95,000"
Paris 8th District - Champs Elysees - Upper Level - Wraparound Balcony - 2 Bedrooms,,100 m²,3,2,1,Paris 8th Arrondissement (Élysée),"€ 17,00,000"
Saint Francis Xavier,,75 m²,2,1,1,Paris 7th Arrondissement (Palais-Bourbon),"€ 13,86,000"
Paris 8Th - Champs-Elysees/Roosevelt,,70 m²,2,1,1,Paris 8th Arrondissement (Élysée),"€ 9,75,000"
Paris Vii - Big Stone,,142 m²,4,3,1,Paris 7th Arrondissement (Palais-Bourbon),"€ 30,20,000"
Family and Reception Apartment in a Quiet Area,Apartment,179 m²,5,4,1,Paris 9th Arrondissement (Opéra),"€ 19,50,000"
Big Stone - Quai D'orsay,,163 m²,5,4,1,Paris 7th Arrondissement (Palais-Bourbon),"€ 22,50,000"
3 Bedrooms Appartment - Triangle D'or,,133 m²,4,3,1,Paris 8th Arrondissement (Élysée),"€ 19,90,000"
Coup De Coeur - House with Garden-Terrace and Double Parking,,183 m²,4,4,,Paris 11th Arrondissement (Popincourt),"€ 19,50,000"
Edgar Quinet / Vavin - Rue Delambre - 2P,,37 m²,1,1,,Paris 14th Arrondissement (Observatoire),"€ 5,10,000"
"Coup De Coeur - 6 Family Rooms in Good Condition - Elevator, Cellar and Parking -",,161 m²,4,4,,Paris 14th Arrondissement (Observatoire),"€ 18,90,000"
Gambetta/Père Lachaise - 3 Rooms - 4th Floor - not Overlooked,,52 m²,2,2,,Paris 20th Arrondissement (Ménilmontant),"€ 5,30,000"
5 Room Apartment - Paris Xvi Chaillot,Apartment,125 m²,3,2,1,"Paris 16th Arrondissement (Passy, sud)","€ 15,35,000"
Paris Xiv - Villa Seurat - Apartment 3 Rooms,Apartment,70 m²,3,2,1,Paris 14th Arrondissement (Observatoire),"€ 8,75,000"
Contemporary Left Bank Hotel Particulier.,,912 m²,10,5,5,Paris 14th Arrondissement (Observatoire),"€ 64,50,000"
Paris Xv Nord Dupleix: 2-Room Apartment,Apartment,46 m²,1,1,,Paris 15th Arrondissement (Vaugirard),"€ 5,50,000"
Paris 16 Loft 204 m²,,201 m²,3,3,,"Paris 16th Arrondissement (Passy, sud)","€ 17,50,000"
Paris 16th Century - Spontini Longchamp,,197 m²,6,4,2,"Paris 16th Arrondissement (Passy, sud)","€ 23,00,000"
Paris - Xvi - Top Floor Apartment with Terrace of 190m²,Apartment,180 m²,4,2,2,"Paris 16th Arrondissement (Passy, sud)","€ 52,50,000"
Fully Refurbished Reception Apartement - Parc Monceau,,259 m²,5,5,,Paris 8th Arrondissement (Élysée),"€ 49,44,000"
Paris Vi Saint Germain: Furnished Studio,Studio,19 m²,1,1,,Paris 6th Arrondissement (Luxembourg),"€ 3,89,000"
4 Room(s) Apartment for Sale in Saint-Ouen-Sur-Seine,Apartment,133 m²,4,2,2,"Seine-Saint-Denis (93), Saint-Ouen-sur-Seine","€ 8,45,000"
Paris Vii - Furnished Studio,,14 m²,,,,Paris 7th Arrondissement (Palais-Bourbon),"€ 3,15,000"
Paris V - Val De Grace - 3 Room Loft and Terrace,,68 m²,2,1,1,Paris 5th Arrondissement (Panthéon),"€ 8,64,000"
Apartment with Terrace Near Stade De France,Apartment,85 m²,5,3,2,"Seine-Saint-Denis (93), Saint-Denis","€ 2,98,000"
Closed Garage Box,,,,0,,Paris 18th Arrondissement (Butte-Montmartre),"€34,000"
"Apartment 62.6 m², Notre Dame Des Champs, Paris 6ie",Apartment,62.6 m²,2,1,1,Paris 6th Arrondissement (Luxembourg),"€ 9,06,250"
Paris Viii- Montaigne,,118 m²,3,2,1,Paris 8th Arrondissement (Élysée),"€ 43,00,000"
Exceptional Apartment with Eiffel Tower View- Seine- Paris,Apartment,111 m²,4,3,1,Paris 15th Arrondissement (Vaugirard),"€ 31,00,000"
7 Room Family Apartment High Floor,Apartment,187 m²,5,4,1,"Paris 16th Arrondissement (Passy, sud)","€ 21,40,000"
Elegant Duplex - Top Floors,,151 m²,3,3,,Paris 8th Arrondissement (Élysée),"€ 21,00,000"
Paris 18th - Folie Sandrin - Exceptional Property,,110 m²,3,2,1,Paris 18th Arrondissement (Butte-Montmartre),"€ 19,30,000"
Paris Vii. Saint Francois Xavier.,,76 m²,3,2,1,Paris 7th Arrondissement (Palais-Bourbon),"€ 18,00,000"
Paris Xvii - Large Family Reception Apartment with an Exterior,Apartment,133 m²,4,3,1,Paris 17th Arrondissement (Batignolles-Monceau),"€ 16,65,000"
Paris Viii - Reception Apartment 5 Rooms,Apartment,130 m²,4,3,1,Paris 8th Arrondissement (Élysée),"€ 14,95,000"
Triumphal Arch,,111 m²,3,3,,Paris 17th Arrondissement (Batignolles-Monceau),"€ 12,95,000"
Paris Xvi - Victor Hugo,,75 m²,3,2,1,"Paris 16th Arrondissement (Passy, sud)","€ 8,90,000"
Paris Vi - Monnaie - Two-Room Apartment,Apartment,31 m²,2,1,1,Paris 6th Arrondissement (Luxembourg),"€ 4,23,000"
2P to Renovate,,30 m²,1,1,,Paris 15th Arrondissement (Vaugirard),"€ 2,95,000"
Rue Lauriston - Sale Occupied Lodge,,21 m²,1,1,,"Paris 16th Arrondissement (Passy, sud)","€ 2,05,000"
Mansion 8 Min. From the Palace of Versailles and 30 Min. From Paris.,,250 m²,8,5,3,Paris,"€ 19,90,000"
Mansion 30 Min. From Paris with Pool and Terrace,,320 m²,10,5,5,Paris,"€ 20,00,000"
Garden Level at the Butte Montmartre.,,85 m²,2,2,,Paris 18th Arrondissement (Butte-Montmartre),"€ 19,90,000"
Town House in the Heart of Garches,,99 m²,5,4,1,"Hauts-de-Seine (92), Garches","€ 6,95,000"
Paris Iv - Port De L'arsenal - 2 Bedroom Boat,,60 m²,2,2,,Paris 4th Arrondissement (Hôtel-de-Ville),"€ 4,80,000"
Prime Location New Project in Suresnes and Seine River,,,,0,,"Hauts-de-Seine (92), Suresnes","€ 3,71,000"
2 Room Apartment,Apartment,36 m²,1,1,,"Val-de-Marne (94), Ivry-sur-Seine","€ 2,19,000"
"Castle 30 Min. From Paris, 15 Min. From Charles De Gaulle Airport",,1000 m²,20,15,5,Paris,"€ 29,39,000"
1 Room(s) Apartment for Sale in Paris Ix,Apartment,26 m²,2,1,1,Paris 9th Arrondissement (Opéra),"€ 3,00,000"
"Paris, a Short Walk from the Luxembourg Garden",,164 m²,6,4,2,Paris 5th Arrondissement (Panthéon),"€ 21,50,000"
3-Room Apartment at the Foot of the Basilica,Apartment,57 m²,3,2,1,"Seine-Saint-Denis (93), Saint-Denis","€ 2,80,000"
4 Room(s) Apartment for Sale in Paris 17E Arrondissement,Apartment,67 m²,3,2,1,Paris 17th Arrondissement (Batignolles-Monceau),"€ 8,30,000"
Paris 16th - Exceptional Apartment,Apartment,248 m²,5,3,2,"Paris 16th Arrondissement (Passy, sud)","€ 45,20,000"
"Private Mansion, Passy-Maison De la Radio",,260 m²,8,5,3,"Paris 16th Arrondissement (Passy, sud)","€ 39,90,000"
Residence in the Heart of Paris 15th District - Live to the Rhythm of the Seine,,111 m²,3,3,,Paris 15th Arrondissement (Vaugirard),"€ 29,15,000"
Paris 16th - Avenue Foch - Victor Hugo,,101 m²,3,2,1,"Paris 16th Arrondissement (Passy, sud)","€ 21,00,000"
Paris Viii - Rue Berri - Private Car Park 11 Spaces,,,,0,,Paris 8th Arrondissement (Élysée),"€ 20,00,000"
Paris Vii - Charles Floquet - 5-Room Family Apartment,Apartment,112 m²,4,3,1,Paris 7th Arrondissement (Palais-Bourbon),"€ 18,70,000"
Paris 8th - 3-Bedroom Apartment,Apartment,144 m²,4,3,1,Paris 8th Arrondissement (Élysée),"€ 17,50,000"
Paris 16th - 2/3 Rooms Top Floor Terrace,,81 m²,2,1,1,"Paris 16th Arrondissement (Passy, sud)","€ 13,70,000"
Paris Xvi. Iena. High Floor Apartment.,Apartment,72 m²,2,2,,"Paris 16th Arrondissement (Passy, sud)","€ 12,00,000"
Paris 7th - Vaneau - Cheap - Large Grocery Store,,75 m²,3,2,1,Paris 7th Arrondissement (Palais-Bourbon),"€ 11,50,000"
"For Sale 3 Room, 2 Bedroom Apartment Muette - Oecd",Apartment,66 m²,3,2,1,"Paris 16th Arrondissement (Passy, sud)","€ 9,00,000"
Paris Viii Avenue Montaigne,,39 m²,1,1,,Paris 8th Arrondissement (Élysée),"€ 8,35,000"
Residence in the Heart of Paris 15th District - Live to the Rhythm of the Seine,Studio,65 m²,1,1,,Paris 15th Arrondissement (Vaugirard),"€ 8,54,000"
75m² High Floor Apartment.,Apartment,75 m²,3,2,1,Paris 15th Arrondissement (Vaugirard),"€ 7,00,000"
Paris 7th - Bon Marché - 2-Room Apartment,Apartment,46 m²,2,1,1,Paris 7th Arrondissement (Palais-Bourbon),"€ 6,95,000"
Apartment Paris i - Palais Royal - 3 Rooms,Apartment,52 m²,2,2,,Paris 1st Arrondissement (Louvre),"€ 6,90,000"
Paris Vi - Odéon/Luxembourg - Two Turnkey Rooms,,29 m²,1,1,,Paris 6th Arrondissement (Luxembourg),"€ 4,59,900"
1 Room(s) Apartment for Sale in Paris,Studio,15 m²,2,1,1,Paris 7th Arrondissement (Palais-Bourbon),"€ 2,15,000"
5 Room(s) Apartment for Sale in Paris 3E Arrondissement,Apartment,132 m²,5,3,2,Paris 3rd Arrondissement (Temple),"€ 13,75,000"
4 Room(s) Apartment for Sale in Paris 14E Arrondissement,Apartment,76 m²,3,2,1,Paris 14th Arrondissement (Observatoire),"€ 8,30,000"
Paris is 10 Minutes Away - Mansion 340 m².,,340 m²,12,8,4,Paris,"€ 28,80,000"
Paris 4th Arrondissement Apartment 130 m²,Apartment,130 m²,4,2,2,Paris 4th Arrondissement (Hôtel-de-Ville),"€ 15,50,000"
Сhateau 1 Hour from Paris and 50 Minutes from Versailles,,500 m²,12,6,6,Paris,"€ 22,00,000"
6 Room(s) Apartment for Sale in Paris,Apartment,237 m²,7,4,3,Paris 3rd Arrondissement (Temple),"€ 48,00,000"
Life Annuity House,,98 m²,3,3,,"Hauts-de-Seine (92), Suresnes","€ 5,60,000"
4 Room(s) Apartment for Sale in Puteaux,Apartment,95 m²,5,3,2,"Hauts-de-Seine (92), Puteaux","€ 7,12,000"
4 Room(s) Apartment for Sale in Paris,Apartment,81 m²,3,2,1,Paris 2nd Arrondissement (Bourse),"€ 9,95,000"
"Rare Opportunity to Acquire an Exceptional 3 Storey, 6 Bedroom Luxury Hotel with Indoor Pool, Ideally Located Near all a…",,688 m²,12,6,6,Paris 7th Arrondissement (Palais-Bourbon),"€ 2,10,00,000"
2 Room(s) Apartment for Sale in Paris,Apartment,32 m²,2,1,1,Paris 4th Arrondissement (Hôtel-de-Ville),"€ 5,37,000"
6 Room(s) Apartment for Sale in Enghien-Les-Bains,Apartment,173 m²,7,4,3,"Val-d'Oise (95), Enghien-les-Bains","€ 17,40,000"
7 Room(s) House for Sale in Croissy-Sur-Seine,,207 m²,7,5,2,"Yvelines (78), Croissy-sur-Seine","€ 13,28,000"
3 Room(s) Apartment for Sale in Paris,Apartment,60 m²,3,2,1,Paris 17th Arrondissement (Batignolles-Monceau),"€ 8,49,000"
Parking N 178,,,,0,,Paris 11th Arrondissement (Popincourt),"€32,500"
5 Parking Rooms,,136 m²,4,4,,"Paris 16th Arrondissement (Passy, sud)","€ 12,40,000"
8 Room(s) House for Sale in Saint-Maur-Des-Fossés,,357 m²,7,4,3,"Val-de-Marne (94), Saint-Maur-des-Fossés","€ 16,95,000"
2 Cellar Rooms,,52 m²,1,1,,"Val-de-Marne (94), Vincennes","€ 4,85,000"
2 Room(s) Apartment for Sale in Paris,Apartment,24 m²,2,1,1,Paris 11th Arrondissement (Popincourt),"€ 2,90,000"
Very Nice Furnished Apartment in a Chic District between Republi,Studio,18 m²,2,1,1,Paris 3rd Arrondissement (Temple),"€ 2,20,000"
3 Room(s) Apartment for Sale in Paris 5E Arrondissement,Apartment,45 m²,3,2,1,Paris 5th Arrondissement (Panthéon),"€ 5,80,000"
2 Room(s) Apartment for Sale in Paris,Studio,14 m²,2,1,1,Paris 6th Arrondissement (Luxembourg),"€ 1,50,000"
3 Room(s) Apartment for Sale in Paris 4E Arrondissement,Apartment,64 m²,2,1,1,Paris 4th Arrondissement (Hôtel-de-Ville),"€ 7,50,000"
3 Room(s) Apartment for Sale in Paris 16E Arrondissement,Apartment,88 m²,4,2,2,"Paris 16th Arrondissement (Passy, sud)","€ 16,00,000"
A Large Store of 186M2 in Saint-Denis - Rue Pietonne -,,186 m²,,0,,"Seine-Saint-Denis (93), Saint-Denis","€ 3,20,000"
3 Room(s) Apartment for Sale in Paris 17E Arrondissement,Apartment,116 m²,3,2,1,Paris 17th Arrondissement (Batignolles-Monceau),"€ 16,15,000"
3 Room(s) Apartment for Sale in Paris,Apartment,94 m²,4,2,2,"Paris 16th Arrondissement (Passy, sud)","€ 16,50,000"
3 Room(s) Apartment for Sale in Paris,Apartment,95 m²,4,2,2,"Paris 16th Arrondissement (Passy, sud)","€ 19,50,000"
3 Room(s) Apartment for Sale in Paris,Apartment,95 m²,4,2,2,"Paris 16th Arrondissement (Passy, sud)","€ 19,50,000"
5 Room(s) Apartment for Sale in Paris 9E Arrondissement,Apartment,132 m²,5,3,2,Paris 9th Arrondissement (Opéra),"€ 15,80,000"
6 Room(s) House for Sale in Nanterre,,192 m²,5,3,2,"Hauts-de-Seine (92), Nanterre","€ 9,50,000"
Maison Saint Denis Rue Catulienne,,175 m²,7,5,2,"Seine-Saint-Denis (93), Saint-Denis","€ 7,80,000"
4 Room(s) Apartment for Sale in Paris 4E Arrondissement,Apartment,64 m²,3,2,1,Paris 4th Arrondissement (Hôtel-de-Ville),"€ 9,45,000"
3 Room(s) Apartment for Sale in Suresnes,Apartment,63 m²,3,2,1,"Hauts-de-Seine (92), Suresnes","€ 4,98,000"
4-Room Apartment at the Foot of the Basilica,Apartment,67 m²,5,3,2,"Seine-Saint-Denis (93), Saint-Denis","€ 3,30,000"
Nan Room(s) Commercial for Sale in Paris 13E Arrondissement,,65 m²,,0,,Paris 13th Arrondissement (Gobelins),"€ 3,20,000"
5 Room(s) Apartment for Sale in Paris,Apartment,106 m²,5,3,2,Paris 14th Arrondissement (Observatoire),"€ 9,70,000"
8 Room(s) House for Sale in Créteil,,180 m²,8,5,3,"Val-de-Marne (94), Créteil","€ 9,95,000"
3 Bed Apartment for Sale in Suresnes,Apartment,84 m²,3,3,,"Hauts-de-Seine (92), Suresnes","€ 8,54,700"
"Paris, Ile De France - Alguesens - 2 Bed",,,3,2,1,Paris 13th Arrondissement (Gobelins),"€ 7,33,700"
"Paris, Ile De France - Alguesens - 3 Bed",,,5,3,2,Paris 13th Arrondissement (Gobelins),"€ 10,13,700"
"Paris, Ile De France - Alguesens - 4 Bed",,,6,4,2,Paris 13th Arrondissement (Gobelins),"€ 13,12,700"
"Paris, Ile De France - Alguesens - 1 Bed",,,2,1,1,Paris 13th Arrondissement (Gobelins),"€ 5,22,000"
4 Bed Apartment for Sale in Bezons,Apartment,94 m²,4,4,,"Val-d'Oise (95), Bezons","€ 3,95,000"
4 Room(s) Apartment for Sale in Clichy,Apartment,77 m²,4,3,1,"Hauts-de-Seine (92), Clichy","€ 3,90,000"
3 Room(s) Apartment for Sale in Paris,Apartment,71 m²,4,2,2,Paris 10th Arrondissement (Enclos-St-Laurent / Entrepôt),"€ 5,80,000"
Triplex Apartment with Terrace,Apartment,93 m²,5,3,2,"Seine-Saint-Denis (93), Saint-Denis","€ 4,95,000"
Charming Apartment Theater Gerard Philippe,Apartment,60 m²,3,2,1,"Seine-Saint-Denis (93), Saint-Denis","€ 3,49,000"
"Paris, Ile De France - Triptych - 3 Bed",,,5,3,2,Paris 14th Arrondissement (Observatoire),"€ 16,50,000"
"Paris, Ile De France - Triptych - 4 Bed",,,6,4,2,Paris 14th Arrondissement (Observatoire),"€ 20,00,000"
"Paris, Ile De France - Carré Parmentier - 2 Bed",,,3,2,1,Paris 11th Arrondissement (Popincourt),"€ 6,80,000"
"Paris, Ile De France - Carré Parmentier - 3 Bed",,,5,3,2,Paris 11th Arrondissement (Popincourt),"€ 18,00,000"
"Paris, Ile De France - Carré Parmentier - 1 Bed",,,2,1,1,Paris 11th Arrondissement (Popincourt),"€ 7,00,000"
Double Terrace Catulienne,,138 m²,8,4,4,"Seine-Saint-Denis (93), Saint-Denis","€ 6,49,000"
5-Room Duplex Apartment in the Historic Center of Saint Denis,Apartment,122 m²,6,4,2,"Seine-Saint-Denis (93), Saint-Denis","€ 4,90,000"
A Real Estate Complex with a 9.41% Profitability in Bobigny,,192 m²,9,8,1,"Seine-Saint-Denis (93), Bobigny","€ 6,20,000"
2 Room(s) Commercial for Sale in Paris 5E Arrondissement,,77 m²,,0,,Paris 5th Arrondissement (Panthéon),"€ 8,90,000"
"Paris, Ile De France - Square Invalides - Studio",Studio,,2,1,1,Paris 7th Arrondissement (Palais-Bourbon),"€ 3,46,000"
"Paris, Ile De France - the Arsenal - Studio",Studio,,2,1,1,Paris 4th Arrondissement (Hôtel-de-Ville),"€ 3,22,400"
"Paris, Ile De France - the Timeless - 2 Bed",,,3,2,1,"Hauts-de-Seine (92), Neuilly-sur-Seine","€ 4,81,052"
"Paris, Ile De France - the Timeless - 3 Bed",,,4,3,1,"Hauts-de-Seine (92), Neuilly-sur-Seine","€ 6,21,200"
Building of 450M2 Living Room + Land of 600 M2- Constructi,Studio,2081 m²,1,1,,"Seine-Saint-Denis (93), Pierrefitte-sur-Seine","€ 11,50,000"
Hotel Stains-650m²- 11 Rooms + 10 + 1 Housing Coffee Bar,,650 m²,11,11,,"Seine-Saint-Denis (93), Stains","€ 15,60,000"