Price/month,Type,Acreage,Bedrooms,Rental type
€1.125,Apartment ,27 m²,1 bedroom,Co-living
€1100 - €1500,Apartment ,80 m²,2 Bedrooms ,Private landlord
€800,Apartment ,15 m²,1 bedroom,Rental company
€2.200,Apartment ,65 m²,1 bedroom,Private landlord
€1.150,Apartment ,45 m²,1 bedroom,Rental company
€1.200,House ,70 m²,2 Bedrooms ,Private landlord
€1.440,Apartment ,45 m²,1 bedroom,Co-living
€1.200,Apartment ,45 m²,1 bedroom,Rental company
€1.250,Apartment ,35 m²,1 bedroom,Rental company
€1.432,Apartment ,28 m²,1 bedroom,Rental company
€1.443,Apartment ,32 m²,1 bedroom,Rental company
€1.438,Apartment ,26 m²,1 bedroom,Rental company
€1.700,Apartment ,52 m²,1 bedroom,Rental company
€1430 - €1788,Apartment ,31 m²,1 bedroom,Rental company
€1.117,Apartment ,20 m²,1 bedroom,Rental company
€1.470,Apartment ,26 m²,1 bedroom,Rental company
€1.355,Apartment ,25 m²,1 bedroom,Rental company
€1.624,Apartment ,33 m²,1 bedroom,Rental company
€1.618,Apartment ,33 m²,1 bedroom,Rental company
€1.378,Apartment ,30 m²,1 bedroom,Rental company
€1540 - €3080,Apartment ,27 m²,1 bedroom,Rental company
€1.430,Apartment ,24 m²,1 bedroom,Rental company
€1320 - €1640,Apartment ,45 m²,1 bedroom,Co-living
€1484 - €3710,Apartment ,29 m²,1 bedroom,Rental company
€2.530,Apartment ,54 m²,1 bedroom,Rental company
€2.250,Apartment ,50 m²,1 bedroom,Rental company
€1.728,Apartment ,44 m²,1 bedroom,Rental company
€1.726,Apartment ,30 m²,1 bedroom,Rental company
€1579 - €3159,Apartment ,30 m²,1 bedroom,Rental company
€1.760,Apartment ,28 m²,1 bedroom,Rental company
€1.730,Apartment ,26 m²,1 bedroom,Rental company
€1.760,Apartment ,35 m²,1 bedroom,Rental company
€1.836,Apartment ,34 m²,1 bedroom,Rental company
€1.855,Apartment ,57 m²,1 bedroom,Rental company
€1.836,Apartment ,36 m²,1 bedroom,Rental company
€1.853,Apartment ,39 m²,1 bedroom,Rental company
€1.834,Apartment ,50 m²,1 bedroom,Rental company
€1.400,Apartment ,37 m²,1 bedroom,Rental company
€1.870,Apartment ,29 m²,1 bedroom,Rental company
€1.324,Apartment ,25 m²,1 bedroom,Rental company
€1.800,Apartment ,33 m²,1 bedroom,Rental company
€1.908,Apartment ,49 m²,1 bedroom,Rental company
€1.908,Apartment ,32 m²,1 bedroom,Rental company
€1.908,Apartment ,22 m²,1 bedroom,Rental company
€1.908,Apartment ,39 m²,1 bedroom,Rental company
€1.908,Apartment ,45 m²,1 bedroom,Rental company
€1.908,Apartment ,50 m²,2 Bedrooms ,Rental company
€1.926,Apartment ,50 m²,1 bedroom,Rental company
€1.997,Apartment ,45 m²,1 bedroom,Rental company
€1.978,Apartment ,34 m²,1 bedroom,Rental company
€1.981,Apartment ,39 m²,1 bedroom,Rental company
€1.978,Apartment ,45 m²,1 bedroom,Rental company
€2.090,Apartment ,30 m²,1 bedroom,Rental company
€1.997,Apartment ,34 m²,1 bedroom,Rental company
€1.728,Apartment ,28 m²,1 bedroom,Rental company
€1.960,Apartment ,42 m²,1 bedroom,Rental company
€1.484,Apartment ,29 m²,1 bedroom,Rental company
€2.014,Apartment ,41 m²,1 bedroom,Rental company
€2.014,Apartment ,38 m²,1 bedroom,Rental company
€2.014,Apartment ,28 m²,1 bedroom,Rental company
€2.014,Apartment ,46 m²,1 bedroom,Rental company
€2.400,Apartment ,45 m²,1 bedroom,Rental company
€2.014,Apartment ,55 m²,1 bedroom,Rental company
€2.750,Apartment ,56 m²,2 Bedrooms ,Rental company
€2.068,Apartment ,34 m²,1 bedroom,Rental company
€1.567,Apartment ,33 m²,1 bedroom,Rental company
€1.567,Apartment ,40 m²,1 bedroom,Rental company
€1.300,Apartment ,23 m²,1 bedroom,Private landlord
€1.304,Apartment ,23 m²,1 bedroom,Rental company
€3052 - €3540,Apartment ,44 m²,1 bedroom,Rental company
€2.088,Apartment ,43 m²,1 bedroom,Rental company
€1.570,Apartment ,30 m²,1 bedroom,Rental company
€1.590,Apartment ,29 m²,1 bedroom,Rental company
€1.590,Apartment ,27 m²,1 bedroom,Rental company
€1.590,Apartment ,38 m²,1 bedroom,Rental company
€1.590,Apartment ,39 m²,1 bedroom,Rental company
€1.358,Apartment ,17 m²,1 bedroom,Rental company
€1.590,Apartment ,30 m²,1 bedroom,Rental company
€1.595,Apartment ,30 m²,1 bedroom,Rental company
€1.595,Apartment ,41 m²,1 bedroom,Rental company
€1.618,Apartment ,30 m²,1 bedroom,Rental company
€1579 - €2109,Apartment ,30 m²,1 bedroom,Rental company
€2.530,Apartment ,42 m²,1 bedroom,Rental company
€1590 - €1988,Apartment ,29 m²,1 bedroom,Rental company
€1.618,Apartment ,44 m²,1 bedroom,Rental company
€1.673,Apartment ,31 m²,1 bedroom,Rental company
€1.630,Apartment ,26 m²,1 bedroom,Rental company
€2991 - €3723,Apartment ,37 m²,1 bedroom,Rental company
€2.233,Apartment ,51 m²,2 Bedrooms ,Rental company
€1538 - €3180,Apartment ,24 m²,1 bedroom,Rental company
€3440 - €5240,Apartment ,70 m²,2 Bedrooms ,Private landlord
€2109 - €3169,Apartment ,40 m²,1 bedroom,Rental company
€2.205,Apartment ,52 m²,2 Bedrooms ,Rental company
€1.166,Apartment ,21 m²,1 bedroom,Rental company
€1.650,Apartment ,41 m²,1 bedroom,Rental company
€1.686,Apartment ,50 m²,1 bedroom,Rental company
€1.710,Apartment ,22 m²,1 bedroom,Rental company
€1.450,Apartment ,29 m²,1 bedroom,Rental company
€2.200,Apartment ,51 m²,1 bedroom,Rental company
€2.268,Apartment ,50 m²,1 bedroom,Rental company
€2.268,Apartment ,34 m²,1 bedroom,Rental company
€3418 - €3784,Apartment ,72 m²,2 Bedrooms ,Rental company
€1.744,Apartment ,35 m²,1 bedroom,Rental company
€1590 - €3180,Apartment ,35 m²,1 bedroom,Rental company
€2.351,Apartment ,30 m²,1 bedroom,Rental company
€1.767,Apartment ,29 m²,1 bedroom,Rental company
€1.753,Apartment ,48 m²,1 bedroom,Rental company
€1.239,Apartment ,25 m²,1 bedroom,Rental company
€1.759,Apartment ,27 m²,1 bedroom,Rental company
€1.800,Apartment ,30 m²,1 bedroom,Rental company
€2.280,Apartment ,37 m²,1 bedroom,Rental company
€2.280,Apartment ,52 m²,1 bedroom,Rental company
€1.802,Apartment ,35 m²,1 bedroom,Rental company
€1.802,Apartment ,39 m²,1 bedroom,Rental company
€2.500,Apartment ,45 m²,1 bedroom,Rental company
€1.819,Apartment ,32 m²,1 bedroom,Rental company
€1819 - €2247,Apartment ,33 m²,1 bedroom,Rental company
€1.750,Apartment ,48 m²,1 bedroom,Private landlord
€1.750,Apartment ,35 m²,1 bedroom,Private landlord
€2.332,Apartment ,70 m²,2 Bedrooms ,Rental company
€1.841,Apartment ,52 m²,1 bedroom,Rental company
€1696 - €3392,Apartment ,20 m²,1 bedroom,Rental company
€1.585,Apartment ,30 m²,1 bedroom,Rental company
€1.847,Apartment ,41 m²,1 bedroom,Rental company
€2.109,Apartment ,46 m²,1 bedroom,Rental company
€1.590,Apartment ,49 m²,1 bedroom,Rental company
€1.590,Apartment ,41 m²,1 bedroom,Rental company
€1.595,Apartment ,25 m²,1 bedroom,Rental company
€1.366,Apartment ,28 m²,1 bedroom,Rental company
€1.909,Apartment ,59 m²,1 bedroom,Rental company
€1748 - €3284,Apartment ,29 m²,1 bedroom,Rental company
€1.367,Apartment ,35 m²,1 bedroom,Rental company
€1.378,Apartment ,30 m²,1 bedroom,Rental company
€1670 - €4307,Apartment ,35 m²,1 bedroom,Rental company
€1.378,Apartment ,19 m²,1 bedroom,Rental company
€1.896,Apartment ,45 m²,1 bedroom,Rental company
€2.438,Apartment ,51 m²,1 bedroom,Rental company
€2.438,Apartment ,45 m²,1 bedroom,Rental company
€1781 - €3564,Apartment ,35 m²,1 bedroom,Rental company
€1.950,Apartment ,41 m²,1 bedroom,Rental company
€1.944,Apartment ,36 m²,1 bedroom,Rental company
€1.944,Apartment ,39 m²,1 bedroom,Rental company
€3.100,Apartment ,22 m²,1 bedroom,Rental company
€2.455,Apartment ,36 m²,1 bedroom,Rental company
€1.997,Apartment ,35 m²,1 bedroom,Rental company
€1.478,Apartment ,37 m²,1 bedroom,Rental company
€2.350,Apartment ,81 m²,1 bedroom,Private landlord
€2.800,Apartment ,68 m²,2 Bedrooms ,Private landlord
€1.744,Apartment ,34 m²,1 bedroom,Rental company
€3784 - €4352,Apartment ,55 m²,1 bedroom,Rental company
€2869 - €4578,Apartment ,70 m²,2 Bedrooms ,Rental company
€2.970,Apartment ,62 m²,1 bedroom,Rental company
€2.014,Apartment ,48 m²,1 bedroom,Rental company
€2.014,Apartment ,59 m²,2 Bedrooms ,Rental company
€2.014,Apartment ,66 m²,1 bedroom,Rental company
€2.014,Apartment ,60 m²,1 bedroom,Rental company
€2.014,Apartment ,39 m²,1 bedroom,Rental company
€1.976,Apartment ,36 m²,1 bedroom,Rental company
€2.361,Apartment ,48 m²,1 bedroom,Rental company
€2.544,Apartment ,67 m²,2 Bedrooms ,Rental company
€2.592,Apartment ,65 m²,2 Bedrooms ,Rental company
€1295 - €2749,Apartment ,27 m²,1 bedroom,Rental company
€1.800,Apartment ,36 m²,1 bedroom,Rental company
€2.051,Apartment ,53 m²,1 bedroom,Rental company
€2.051,Apartment ,42 m²,1 bedroom,Rental company
€2991 - €3357,Apartment ,46 m²,1 bedroom,Rental company
€2.051,Apartment ,32 m²,1 bedroom,Rental company
€1969 - €2345,Apartment ,37 m²,1 bedroom,Rental company
€2.068,Apartment ,50 m²,1 bedroom,Rental company
€1908 - €2109,Apartment ,35 m²,1 bedroom,Rental company
€3052 - €3540,Apartment ,45 m²,1 bedroom,Rental company
€1.980,Apartment ,47 m²,1 bedroom,Rental company
€2.999,Apartment ,24 m²,1 bedroom,Rental company
€1.750,Apartment ,49 m²,1 bedroom,Rental company
€4151 - €4517,Apartment ,50 m²,1 bedroom,Rental company
€2.110,Apartment ,51 m²,1 bedroom,Rental company
€2.650,Apartment ,62 m²,1 bedroom,Rental company
€2052 - €3132,Apartment ,29 m²,1 bedroom,Rental company
€1.680,Apartment ,42 m²,1 bedroom,Rental company
€2.150,Apartment ,40 m²,1 bedroom,Rental company
€2.160,Apartment ,59 m²,1 bedroom,Rental company
€1.656,Apartment ,30 m²,1 bedroom,Rental company
€2.189,Apartment ,57 m²,1 bedroom,Rental company
€3.199,Apartment ,36 m²,1 bedroom,Rental company
€3.150,Apartment ,24 m²,1 bedroom,Rental company
€1.750,Apartment ,32 m²,1 bedroom,Rental company
€1938 - €4844,Apartment ,37 m²,1 bedroom,Rental company
€3.750,Apartment ,50 m²,1 bedroom,Rental company
€1.900,Apartment ,22 m²,1 bedroom,Rental company
€2.734,Apartment ,40 m²,1 bedroom,Rental company
€1.443,Apartment ,24 m²,1 bedroom,Rental company
€1.500,Apartment ,28 m²,1 bedroom,Rental company
€2875 - €6853,Apartment ,27 m²,1 bedroom,Rental company
€2438 - €3180,Apartment ,49 m²,2 Bedrooms ,Rental company
€2.268,Apartment ,65 m²,2 Bedrooms ,Rental company
€2.289,Apartment ,66 m²,1 bedroom,Rental company
€2.034,Apartment ,32 m²,1 bedroom,Rental company
€1.473,Apartment ,34 m²,1 bedroom,Rental company
€1.479,Apartment ,29 m²,1 bedroom,Rental company
€4395 - €5005,Apartment ,68 m²,1 bedroom,Rental company
€1.800,Apartment ,25 m²,1 bedroom,Rental company
€2.050,Apartment ,37 m²,1 bedroom,Rental company
€2.808,Apartment ,57 m²,1 bedroom,Rental company
€2.750,Apartment ,45 m²,1 bedroom,Rental company
€1.783,Apartment ,25 m²,1 bedroom,Rental company
€2.280,Apartment ,59 m²,1 bedroom,Rental company
€2.033,Apartment ,40 m²,1 bedroom,Rental company
€1.950,Apartment ,66 m²,2 Bedrooms ,Private landlord
€2.500,House ,150 m²,3 Bedrooms ,Private landlord
€1.553,Apartment ,33 m²,1 bedroom,Rental company
€2.545,Apartment ,54 m²,2 Bedrooms ,Rental company
€3.472,Apartment ,42 m²,1 bedroom,Rental company
€2.300,Apartment ,42 m²,1 bedroom,Rental company
€1340 - €3044,Apartment ,35 m²,1 bedroom,Rental company
€2079 - €2543,Apartment ,39 m²,1 bedroom,Rental company
€2.332,Apartment ,57 m²,1 bedroom,Rental company
€2.650,Apartment ,38 m²,1 bedroom,Rental company
€2.650,Apartment ,50 m²,1 bedroom,Rental company
€2.650,Apartment ,59 m²,2 Bedrooms ,Rental company
€2332 - €3032,Apartment ,57 m²,2 Bedrooms ,Rental company
€2.393,Apartment ,50 m²,2 Bedrooms ,Rental company
€2068 - €2178,Apartment ,34 m²,1 bedroom,Rental company
€2.185,Apartment ,38 m²,1 bedroom,Rental company
€1853 - €5450,Apartment ,39 m²,1 bedroom,Rental company
€1.980,Apartment ,37 m²,1 bedroom,Rental company
€2.484,Apartment ,50 m²,2 Bedrooms ,Rental company
€2.797,Apartment ,34 m²,1 bedroom,Rental company
€3.100,Apartment ,30 m²,1 bedroom,Rental company
€2.507,Apartment ,46 m²,1 bedroom,Rental company
€1.696,Apartment ,46 m²,1 bedroom,Rental company
€3.024,Apartment ,45 m²,1 bedroom,Rental company
€3.041,Apartment ,80 m²,2 Bedrooms ,Rental company
€2.394,Apartment ,50 m²,2 Bedrooms ,Private landlord
€2.003,Apartment ,38 m²,1 bedroom,Rental company
€1.484,Apartment ,28 m²,1 bedroom,Rental company
€1.774,Apartment ,23 m²,1 bedroom,Rental company
€1.484,Apartment ,32 m²,1 bedroom,Rental company
€4761 - €5475,Apartment ,107 m²,2 Bedrooms ,Rental company
€2.014,Apartment ,40 m²,1 bedroom,Rental company
€2332 - €4664,Apartment ,40 m²,1 bedroom,Rental company
€4.800,Apartment ,42 m²,1 bedroom,Rental company
€3.490,Apartment ,90 m²,3 Bedrooms ,Private landlord
€2745 - €6864,Apartment ,59 m²,1 bedroom,Rental company
€4.300,Apartment ,45 m²,1 bedroom,Rental company
€4.494,Apartment ,42 m²,2 Bedrooms ,Rental company
€4.300,Apartment ,60 m²,2 Bedrooms ,Rental company
€2.400,Apartment ,43 m²,1 bedroom,Private landlord
€3.132,Apartment ,76 m²,2 Bedrooms ,Rental company
€2.639,Apartment ,45 m²,1 bedroom,Rental company
€2.120,Apartment ,53 m²,2 Bedrooms ,Rental company
€2.120,Apartment ,38 m²,1 bedroom,Rental company
€2.650,Apartment ,33 m²,1 bedroom,Rental company
€2.650,Apartment ,60 m²,1 bedroom,Rental company
€4.650,Apartment ,40 m²,1 bedroom,Rental company
€2.645,Apartment ,40 m²,1 bedroom,Rental company
€4151 - €4761,Apartment ,69 m²,2 Bedrooms ,Rental company
€2.700,Apartment ,51 m²,1 bedroom,Rental company
€3.210,Apartment ,50 m²,3 Bedrooms ,Rental company
€4.500,Apartment ,40 m²,1 bedroom,Rental company
€2.700,Apartment ,48 m²,1 bedroom,Rental company
€2.678,Apartment ,46 m²,2 Bedrooms ,Rental company
€2.700,Apartment ,44 m²,1 bedroom,Rental company
€2.200,Apartment ,51 m²,2 Bedrooms ,Rental company
€2.678,Apartment ,70 m²,2 Bedrooms ,Rental company
€2.300,Apartment ,43 m²,1 bedroom,Rental company
€2.736,Apartment ,61 m²,2 Bedrooms ,Rental company
€1256 - €5564,Apartment ,22 m²,1 bedroom,Rental company
€2.745,Apartment ,87 m²,2 Bedrooms ,Rental company
€2.226,Apartment ,71 m²,2 Bedrooms ,Rental company
€1.945,Apartment ,43 m²,1 bedroom,Rental company
€2233 - €9456,Apartment ,30 m²,1 bedroom,Rental company
€2340 - €8355,Apartment ,49 m²,1 bedroom,Rental company
€2.790,Apartment ,65 m²,2 Bedrooms ,Rental company
€4395 - €5127,Apartment ,62 m²,1 bedroom,Rental company
€2.544,Apartment ,52 m²,2 Bedrooms ,Rental company
€3.933,Apartment ,25 m²,1 bedroom,Rental company
€2.900,Apartment ,25 m²,1 bedroom,Rental company
€2.052,Apartment ,58 m²,1 bedroom,Rental company
€2.843,Apartment ,60 m²,1 bedroom,Rental company
€1.850,Apartment ,52 m²,1 bedroom,Private landlord
€2.332,Apartment ,42 m²,1 bedroom,Rental company
€2.862,Apartment ,75 m²,2 Bedrooms ,Rental company
€2.916,Apartment ,45 m²,2 Bedrooms ,Rental company
€2900 - €8000,Apartment ,81 m²,3 Bedrooms ,Private landlord
€3.200,Apartment ,28 m²,1 bedroom,Rental company
€5.000,Apartment ,45 m²,1 bedroom,Rental company
€1680 - €8915,Apartment ,32 m²,1 bedroom,Rental company
€3.392,Apartment ,69 m²,2 Bedrooms ,Rental company
€4639 - €6470,Apartment ,90 m²,2 Bedrooms ,Rental company
€2.438,Apartment ,46 m²,1 bedroom,Rental company
€2.750,Apartment ,71 m²,2 Bedrooms ,Rental company
€2.438,Apartment ,70 m²,2 Bedrooms ,Rental company
€1.944,Apartment ,48 m²,1 bedroom,Rental company
€3370 - €4500,Apartment ,60 m²,1 bedroom,Rental company
€2650 - €6360,Apartment ,42 m²,2 Bedrooms ,Rental company
€3240 - €6480,Apartment ,82 m²,3 Bedrooms ,Rental company
€2.492,Apartment ,43 m²,1 bedroom,Rental company
€4.610,Apartment ,45 m²,1 bedroom,Rental company
€5.000,Apartment ,35 m²,1 bedroom,Rental company
€8537 - €20811,Apartment ,110 m²,3 Bedrooms ,Rental company
€9776 - €40394,Apartment ,183 m²,4 Bedrooms ,Rental company
€1.985,Apartment ,42 m²,1 bedroom,Rental company
€3.850,Apartment ,55 m²,1 bedroom,Private landlord
€2808 - €5616,Apartment ,45 m²,1 bedroom,Rental company
€3.103,Apartment ,53 m²,1 bedroom,Rental company
€1786 - €7122,Apartment ,35 m²,2 Bedrooms ,Rental company
€3.103,Apartment ,70 m²,2 Bedrooms ,Rental company
€3014 - €7623,Apartment ,42 m²,1 bedroom,Rental company
€1943 - €6825,Apartment ,66 m²,2 Bedrooms ,Rental company
€2650 - €7950,Apartment ,39 m²,1 bedroom,Rental company
€2.366,Apartment ,42 m²,1 bedroom,Rental company
€5.560,Apartment ,68 m²,2 Bedrooms ,Private landlord
€3.180,Apartment ,64 m²,2 Bedrooms ,Rental company
€2345 - €5540,Apartment ,57 m²,2 Bedrooms ,Rental company
€3.710,Apartment ,82 m²,3 Bedrooms ,Rental company
€3.710,Apartment ,57 m²,2 Bedrooms ,Rental company
€3.700,Apartment ,50 m²,1 bedroom,Rental company
€2.750,Apartment ,40 m²,1 bedroom,Rental company
€1.800,Apartment ,36 m²,1 bedroom,Rental company
€3.192,Apartment ,73 m²,2 Bedrooms ,Rental company
€1.975,Apartment ,36 m²,1 bedroom,Rental company
€2800 - €3300,Apartment ,56 m²,3 Bedrooms ,Rental company
€3604 - €5830,Apartment ,56 m²,1 bedroom,Rental company
€3.867,Apartment ,85 m²,2 Bedrooms ,Rental company
€3.080,Apartment ,62 m²,2 Bedrooms ,Rental company
€3.275,Apartment ,71 m²,2 Bedrooms ,Rental company
€1.300,Apartment ,20 m²,1 bedroom,Rental company
€4.700,Apartment ,64 m²,1 bedroom,Rental company
€2.100,Apartment ,37 m²,1 bedroom,Rental company
€3980 - €9576,Apartment ,57 m²,2 Bedrooms ,Rental company
€3833 - €8411,Apartment ,30 m²,1 bedroom,Rental company
€3.472,Apartment ,47 m²,1 bedroom,Rental company
€5310 - €6226,Apartment ,117 m²,3 Bedrooms ,Rental company
€4.000,Apartment ,60 m²,1 bedroom,Rental company
€6.067,Apartment ,62 m²,2 Bedrooms ,Rental company
€5.000,Apartment ,55 m²,1 bedroom,Rental company
€3135 - €6270,Apartment ,79 m²,2 Bedrooms ,Rental company
€2.100,Apartment ,37 m²,1 bedroom,Rental company
€3980 - €9576,Apartment ,57 m²,2 Bedrooms ,Rental company
€3833 - €8411,Apartment ,30 m²,1 bedroom,Rental company
€3.472,Apartment ,47 m²,1 bedroom,Rental company
€5310 - €6226,Apartment ,117 m²,3 Bedrooms ,Rental company
€4.000,Apartment ,60 m²,1 bedroom,Rental company
€5.000,Apartment ,55 m²,1 bedroom,Rental company
€3.520,Apartment ,87 m²,2 Bedrooms ,Rental company
€3.484,Apartment ,53 m²,2 Bedrooms ,Rental company
€2.500,Apartment ,55 m²,2 Bedrooms ,Rental company
€2814 - €11203,Apartment ,48 m²,1 bedroom,Rental company
€2.968,Apartment ,55 m²,1 bedroom,Rental company
€2814 - €11277,Apartment ,55 m²,1 bedroom,Rental company
€3.498,Apartment ,78 m²,2 Bedrooms ,Rental company
€3.300,Apartment ,75 m²,2 Bedrooms ,Rental company
€3434 - €7298,Apartment ,32 m²,1 bedroom,Rental company
€2.100,Apartment ,44 m²,1 bedroom,Rental company
€3.672,Apartment ,85 m²,2 Bedrooms ,Rental company
€5.500,Apartment ,60 m²,2 Bedrooms ,Rental company
€5030 - €10301,Apartment ,90 m²,2 Bedrooms ,Rental company
€3.100,House ,236 m²,5 Bedrooms ,Private landlord
€5.500,Apartment ,45 m²,1 bedroom,Rental company
€2.100,Apartment ,70 m²,1 bedroom,Rental company
€3.816,Apartment ,73 m²,2 Bedrooms ,Rental company
€3.077,Apartment ,82 m²,2 Bedrooms ,Rental company
€1.800,Apartment ,56 m²,2 Bedrooms ,Rental company
€6.966,Apartment ,67 m²,2 Bedrooms ,Rental company
€2077 - €8235,Apartment ,34 m²,1 bedroom,Rental company
€3812 - €9808,Apartment ,41 m²,1 bedroom,Rental company
€2568 - €10758,Apartment ,50 m²,1 bedroom,Rental company
€2032 - €8161,Apartment ,38 m²,1 bedroom,Rental company
€2.000,Apartment ,46 m²,1 bedroom,Rental company
€3.839,Apartment ,53 m²,2 Bedrooms ,Rental company
€3.815,Apartment ,75 m²,2 Bedrooms ,Rental company
€4.559,Apartment ,83 m²,3 Bedrooms ,Rental company
€6714 - €7447,Apartment ,130 m²,3 Bedrooms ,Rental company
€4.877,Apartment ,65 m²,2 Bedrooms ,Rental company
€4.400,Apartment ,40 m²,1 bedroom,Rental company
€4.900,Apartment ,60 m²,1 bedroom,Private landlord
€2791 - €15678,Apartment ,100 m²,2 Bedrooms ,Rental company
€5400 - €13500,Apartment ,30 m²,1 bedroom,Private landlord
€5250 - €12506,Apartment ,77 m²,2 Bedrooms ,Rental company
€4935 - €9503,Apartment ,43 m²,1 bedroom,Rental company
€5.642,Apartment ,53 m²,1 bedroom,Rental company
€5000 - €15000,Apartment ,130 m²,3 Bedrooms ,Rental company
€4000 - €30000,Apartment ,50 m²,1 bedroom,Private landlord
€8.320,Apartment ,64 m²,1 bedroom,Rental company
€5.300,Apartment ,105 m²,3 Bedrooms ,Rental company
€4.815,Apartment ,133 m²,3 Bedrooms ,Rental company
€5975 - €12695,Apartment ,70 m²,2 Bedrooms ,Rental company
€7.847,Apartment ,50 m²,1 bedroom,Rental company
€4.675,Apartment ,117 m²,3 Bedrooms ,Rental company
€5103 - €12475,Apartment ,77 m²,2 Bedrooms ,Rental company
€4.910,Apartment ,90 m²,2 Bedrooms ,Rental company
€5450 - €10668,Apartment ,60 m²,2 Bedrooms ,Rental company
€5.298,Apartment ,94 m²,2 Bedrooms ,Rental company
€8.219,Apartment ,115 m²,3 Bedrooms ,Rental company
€3.600,Apartment ,80 m²,3 Bedrooms ,Rental company
€6553 - €17378,Apartment ,80 m²,3 Bedrooms ,Rental company
€5.350,Apartment ,85 m²,3 Bedrooms ,Rental company
€9.880,Apartment ,100 m²,2 Bedrooms ,Rental company
€7.000,Apartment ,65 m²,1 bedroom,Rental company
€6426 - €18407,Apartment ,80 m²,3 Bedrooms ,Rental company
€7000 - €31000,Apartment ,70 m²,2 Bedrooms ,Private landlord
€4354 - €28644,Apartment ,61 m²,2 Bedrooms ,Rental company
€7288 - €19236,Apartment ,64 m²,3 Bedrooms ,Rental company
€9.999,Apartment ,38 m²,1 bedroom,Rental company
€6249 - €7476,Apartment ,138 m²,3 Bedrooms ,Rental company
€8411 - €21778,Apartment ,130 m²,4 Bedrooms ,Rental company
€6.420,Apartment ,130 m²,3 Bedrooms ,Rental company
€6038 - €18785,Apartment ,90 m²,3 Bedrooms ,Rental company
€10406 - €22638,Apartment ,108 m²,3 Bedrooms ,Rental company
€9115 - €24140,Apartment ,80 m²,3 Bedrooms ,Rental company
€10406 - €26565,Apartment ,108 m²,3 Bedrooms ,Rental company
€9188 - €20486,Apartment ,95 m²,3 Bedrooms ,Rental company
€10438 - €26481,Apartment ,180 m²,3 Bedrooms ,Rental company
€9471 - €21620,Apartment ,80 m²,4 Bedrooms ,Rental company
€8054 - €23415,Apartment ,140 m²,4 Bedrooms ,Rental company
€9356 - €26355,Apartment ,78 m²,3 Bedrooms ,Rental company