Address,District/Arrondissement,Zipcode,Rent,Cost,Maintenance,Number of rooms,Size,Property Type,"Co-Living (1=Yes, 0=No)","Are Pets Allowed (1=Yes, 0=No)",Lease Duration (Months)
98 Avenue Montaigne,3,7514,5211,2005465,150,4,708,Villa,0,0,21
71 Rue de la République,6,7514,7037,3492263,63,5,1026,Villa,1,0,4
116 Boulevard Haussmann,14,7504,7060,1592038,102,1,1540,Apartment,0,0,4
83 Rue de Rivoli,9,7501,7079,1152075,177,2,1995,Duplex,1,0,28
134 Rue de la République,2,7518,8151,3289461,161,2,602,Villa,0,1,28
169 Rue Saint-Honoré,18,7511,1030,4922270,93,1,1786,Apartment,1,0,11
140 Rue du Faubourg Saint-Honoré,15,7516,9315,2517197,113,3,1488,Duplex,0,1,14
112 Rue de Vaugirard,5,7510,9199,3285242,194,5,1726,Villa,0,1,3
23 Rue de la Paix,1,7519,7356,2792750,89,3,1945,Villa,1,0,9
18 Avenue des Champs-Élysées,6,7515,4081,3729498,106,1,1771,Apartment,0,1,17
10 Rue de la Paix,2,7503,4159,1727812,45,3,408,Duplex,1,0,3
131 Avenue Montaigne,10,7516,6943,2568181,120,4,425,Apartment,0,0,14
160 Avenue Montaigne,15,7512,5269,813606,108,4,1774,Apartment,0,1,9
59 Rue de la Paix,18,7503,5690,4656134,94,4,1516,Villa,0,0,12
128 Boulevard Saint-Germain,2,7506,3973,923831,94,2,1814,Apartment,0,0,5
182 Avenue Montaigne,3,7518,8057,953787,65,1,1499,Apartment,0,1,31
189 Avenue des Champs-Élysées,19,7514,2892,1164789,73,5,1616,Apartment,1,1,14
182 Boulevard Haussmann,6,7509,4654,2397045,104,4,805,Duplex,0,0,27
87 Rue du Faubourg Saint-Honoré,11,7506,9702,3843484,37,1,1378,Villa,1,1,25
3 Rue de Vaugirard,12,7506,4188,1919563,38,4,1375,Villa,1,1,11
188 Avenue des Champs-Élysées,4,7511,3265,2739570,103,3,1613,Apartment,1,1,15
175 Rue Saint-Honoré,12,7519,3416,811866,137,5,1289,Duplex,1,0,16
158 Rue de Rivoli,3,7517,4735,3594258,137,2,1013,Villa,0,0,8
131 Rue de Rivoli,9,7509,7167,3310920,37,4,601,Villa,1,0,21
176 Avenue Montaigne,8,7505,1552,4513359,74,3,1735,Duplex,0,1,20
55 Avenue Montaigne,5,7518,3162,3862225,78,1,1632,Villa,0,1,15
147 Rue de Rivoli,6,7508,4181,128278,70,2,1009,Duplex,1,1,14
123 Rue de Rivoli,10,7509,2507,3993436,57,2,1867,Apartment,0,1,13
21 Rue de Vaugirard,2,7509,6993,204742,161,4,1706,Villa,0,1,12
155 Avenue des Champs-Élysées,4,7518,5377,553715,160,2,1949,Duplex,0,0,31
153 Rue de la République,8,7512,4421,1347604,79,4,336,Duplex,1,1,4
120 Rue Saint-Honoré,7,7503,5158,2010252,76,1,339,Villa,1,0,22
35 Rue de Vaugirard,16,7511,7005,3260859,95,5,1465,Duplex,1,0,15
159 Rue de la République,16,7503,3191,534974,55,4,484,Duplex,1,1,35
2 Rue de Vaugirard,14,7504,4701,3583699,194,5,1249,Apartment,1,0,2
36 Rue Saint-Honoré,4,7501,3704,4660028,56,5,1036,Villa,0,0,23
113 Rue de la République,20,7508,5836,2099943,167,5,989,Duplex,1,0,33
87 Rue de la Paix,19,7520,2731,3276637,90,5,348,Duplex,0,1,24
158 Boulevard Haussmann,3,7520,2700,1656331,167,1,1982,Villa,1,1,1
6 Rue de la Paix,13,7519,7870,3444878,70,5,1129,Villa,1,1,7
118 Avenue des Champs-Élysées,2,7501,5905,3069575,84,5,1234,Apartment,1,1,28
45 Rue Saint-Honoré,11,7508,2926,2853594,80,5,934,Apartment,1,0,19
80 Rue de la Paix,12,7501,7230,1896132,86,2,1136,Villa,0,0,17
91 Avenue des Champs-Élysées,10,7519,1915,394337,198,4,515,Villa,1,0,6
133 Boulevard Haussmann,9,7501,3745,4516026,188,3,1917,Villa,0,1,26
14 Rue de Rivoli,18,7515,9082,1072024,145,3,379,Apartment,1,0,26
27 Rue de Vaugirard,12,7520,9281,3723785,97,1,842,Apartment,0,1,22
41 Avenue Montaigne,17,7501,3632,4531850,140,2,1523,Duplex,0,0,6
150 Rue du Faubourg Saint-Honoré,15,7507,8641,3005072,134,5,768,Villa,0,1,11
134 Avenue des Champs-Élysées,3,7512,8211,1770129,32,2,1070,Apartment,1,0,2
164 Rue du Faubourg Saint-Honoré,5,7516,2657,3431067,127,1,1393,Duplex,1,1,18
11 Avenue Montaigne,4,7514,9792,2747234,55,2,688,Duplex,0,1,18
195 Rue de Rivoli,15,7519,6829,3470765,49,5,1316,Duplex,1,0,4
105 Rue Saint-Honoré,5,7506,6428,3088030,144,4,1108,Apartment,1,0,35
112 Boulevard Saint-Germain,15,7520,4618,4631061,194,3,989,Villa,0,1,5
14 Rue de Vaugirard,2,7508,5216,1889181,58,4,1008,Duplex,0,0,11
47 Rue du Faubourg Saint-Honoré,7,7508,7125,2751141,157,3,327,Villa,0,1,11
195 Rue Saint-Honoré,10,7516,2163,672296,118,5,1347,Villa,1,1,16
6 Boulevard Haussmann,12,7512,2852,1544001,120,5,933,Apartment,1,0,18
17 Rue de la Paix,18,7501,3659,2945796,102,1,1476,Apartment,1,1,17
39 Avenue des Champs-Élysées,11,7509,7290,3863062,116,2,1586,Apartment,1,0,33
85 Boulevard Haussmann,14,7516,9470,2316281,171,1,895,Apartment,0,0,29
160 Rue de Vaugirard,2,7501,6937,3263905,104,2,1214,Villa,1,1,33
171 Rue de la Paix,1,7511,7964,2481405,59,5,1193,Duplex,0,1,27
18 Avenue des Champs-Élysées,4,7519,4024,3962062,37,4,1861,Duplex,1,1,20
174 Rue du Faubourg Saint-Honoré,9,7507,5543,2230429,84,4,349,Villa,1,1,19
6 Boulevard Haussmann,18,7516,6997,4316010,145,4,1664,Duplex,0,0,34
65 Avenue Montaigne,6,7505,6224,4175128,102,5,1002,Villa,1,0,16
200 Boulevard Saint-Germain,15,7514,1775,696754,134,3,1196,Duplex,0,0,28
8 Avenue des Champs-Élysées,13,7503,7237,4515719,37,5,1286,Villa,0,1,3
99 Boulevard Haussmann,1,7512,4635,547183,136,4,1675,Villa,1,1,10
178 Boulevard Saint-Germain,13,7518,4544,3952196,99,3,862,Villa,0,1,26
165 Rue Saint-Honoré,1,7506,9739,135921,138,2,1125,Villa,1,1,16
102 Rue du Faubourg Saint-Honoré,12,7508,1571,4347683,33,5,1862,Villa,0,1,14
43 Rue Saint-Honoré,6,7511,1290,2641034,72,3,603,Duplex,0,1,17
77 Boulevard Haussmann,16,7513,1150,3229816,107,1,1059,Duplex,1,1,6
91 Boulevard Saint-Germain,9,7510,1897,3736748,61,3,593,Villa,0,0,31
27 Avenue des Champs-Élysées,17,7514,9438,3739457,44,4,1891,Apartment,1,1,24
138 Rue de Vaugirard,4,7513,5467,1080482,185,5,1848,Apartment,0,0,10
57 Rue Saint-Honoré,15,7506,5340,1706850,83,4,1562,Apartment,1,0,31
178 Rue de Vaugirard,18,7505,5511,2799632,55,4,1352,Apartment,0,0,14
158 Rue du Faubourg Saint-Honoré,13,7506,1166,1108983,96,3,1687,Villa,0,0,4
17 Boulevard Saint-Germain,16,7510,1228,4016191,195,3,504,Villa,1,1,2
163 Rue de Vaugirard,1,7506,2547,760609,94,5,1000,Apartment,0,0,17
72 Rue du Faubourg Saint-Honoré,4,7501,8314,368330,97,1,1493,Villa,0,1,17
184 Rue de Vaugirard,1,7505,5832,2344311,120,3,1746,Apartment,0,0,22
45 Rue de Vaugirard,11,7509,8267,978644,115,5,1425,Duplex,1,0,29
12 Rue de Vaugirard,20,7503,6580,963890,148,2,681,Apartment,0,0,5
196 Rue de Vaugirard,1,7517,1780,4613707,71,1,1777,Duplex,0,1,26
121 Rue de Rivoli,3,7505,1047,935448,132,2,1499,Villa,0,0,7
24 Rue de la Paix,10,7519,3484,1084347,99,4,762,Apartment,1,1,10
140 Rue de Rivoli,9,7502,2964,2855200,31,2,1790,Apartment,1,0,21
85 Rue du Faubourg Saint-Honoré,20,7519,2562,2114600,87,5,586,Apartment,0,0,8
113 Rue de la Paix,3,7517,3829,2733429,127,4,1231,Apartment,1,1,30
142 Boulevard Saint-Germain,7,7506,9130,410818,198,5,1555,Duplex,1,0,34
82 Boulevard Saint-Germain,20,7520,5096,1278172,111,4,930,Apartment,1,0,28
86 Rue de la République,19,7507,5006,2997477,41,4,1617,Villa,0,0,23
34 Rue de la République,14,7520,1575,228776,86,2,1375,Duplex,1,0,3
164 Rue de Rivoli,3,7515,1610,766668,98,1,590,Apartment,0,0,33
157 Rue Saint-Honoré,13,7508,3301,278900,164,4,1523,Duplex,0,0,2
75 Rue de Rivoli,13,7518,3291,2508028,53,3,331,Apartment,0,1,20
97 Avenue Montaigne,15,7503,1962,469459,127,3,964,Villa,0,1,7
53 Rue de la République,17,7509,1982,4779447,151,3,1981,Villa,0,0,12
186 Rue de Vaugirard,14,7518,6227,2489116,48,4,1610,Villa,0,0,23
114 Avenue Montaigne,11,7509,6904,939742,47,1,1646,Villa,1,1,14
21 Rue du Faubourg Saint-Honoré,5,7513,6485,244460,37,5,1742,Duplex,0,0,15
165 Rue de Vaugirard,14,7513,5640,3547295,51,2,1615,Villa,0,0,19
150 Avenue Montaigne,12,7520,4072,3283500,148,2,1239,Villa,0,0,31
120 Rue de la République,17,7501,7496,630539,118,1,378,Apartment,0,1,17
48 Rue du Faubourg Saint-Honoré,10,7513,1955,2994153,155,2,1691,Villa,0,1,23
185 Rue Saint-Honoré,9,7518,6667,1272144,126,5,625,Duplex,0,0,7
115 Rue du Faubourg Saint-Honoré,18,7514,3730,607912,163,3,1318,Villa,1,1,36
25 Rue de la Paix,16,7502,2863,956359,125,3,1612,Duplex,1,0,12
199 Rue du Faubourg Saint-Honoré,18,7518,1712,3542917,94,1,1024,Duplex,0,1,36
55 Avenue des Champs-Élysées,5,7508,9227,1812276,177,4,1786,Duplex,0,1,20
118 Avenue des Champs-Élysées,12,7515,5502,1901480,43,3,326,Apartment,1,0,10
113 Rue de la Paix,9,7502,3163,2945698,192,3,1961,Villa,0,1,9
95 Rue de Rivoli,4,7503,3278,184225,135,3,1698,Apartment,1,1,1
8 Rue du Faubourg Saint-Honoré,9,7513,9994,4542484,113,3,1524,Apartment,0,0,16
106 Rue de Rivoli,8,7506,2626,2880381,131,5,1830,Villa,0,0,21
109 Rue du Faubourg Saint-Honoré,16,7501,4893,2334073,38,3,1803,Apartment,0,0,13
99 Rue de la Paix,3,7511,1311,3015370,82,3,1906,Apartment,0,0,13
134 Rue de la République,11,7510,5424,548966,183,3,1821,Villa,1,0,7
25 Rue de Vaugirard,11,7506,1341,3700033,42,1,1030,Apartment,0,0,32
76 Rue de la République,14,7504,2825,4091786,69,4,992,Villa,0,0,16
36 Boulevard Haussmann,15,7510,9074,702882,187,5,1891,Villa,1,0,12
38 Rue de Rivoli,15,7502,4915,2615729,34,3,344,Duplex,1,1,2
100 Boulevard Saint-Germain,20,7518,3704,2759250,87,3,880,Duplex,1,0,36
96 Rue Saint-Honoré,4,7517,8385,120820,72,1,1034,Villa,0,1,24
189 Rue de Rivoli,5,7518,4282,328193,111,5,536,Villa,1,1,3
56 Avenue Montaigne,1,7505,8800,4184512,67,3,304,Apartment,1,0,7
54 Rue de Rivoli,9,7518,1626,4718101,179,3,1364,Villa,1,1,36
163 Rue Saint-Honoré,8,7504,7037,1335725,56,3,778,Apartment,1,1,3
195 Rue de la République,19,7504,7399,3444800,36,2,584,Apartment,0,0,12
140 Rue de la République,4,7504,1250,282690,184,2,1117,Apartment,1,1,23
136 Rue de la Paix,19,7516,7727,2391340,35,5,314,Duplex,0,0,4
140 Boulevard Saint-Germain,20,7504,4823,227703,41,3,315,Duplex,1,1,19
85 Avenue Montaigne,11,7519,1973,3851975,75,5,1280,Apartment,1,1,26
137 Boulevard Haussmann,1,7512,2695,949400,50,3,873,Duplex,0,0,28
192 Avenue des Champs-Élysées,12,7517,4191,4824216,137,5,759,Villa,0,1,27
10 Rue de Vaugirard,6,7501,9156,3024633,156,5,529,Duplex,0,1,2
18 Rue du Faubourg Saint-Honoré,6,7505,5287,1693233,87,4,1061,Duplex,0,0,11
50 Rue de Rivoli,4,7507,5305,4839749,47,2,391,Apartment,0,1,34
150 Rue de la République,20,7507,5824,1504646,134,3,568,Villa,1,1,30
16 Boulevard Saint-Germain,2,7505,1403,119585,120,2,640,Duplex,1,1,34
190 Rue Saint-Honoré,16,7511,3996,360782,192,4,670,Villa,1,1,12
11 Avenue Montaigne,16,7517,4279,4029789,97,3,1343,Apartment,0,1,26
170 Boulevard Saint-Germain,12,7503,1655,2748265,63,1,1617,Apartment,1,0,19
200 Rue de la République,4,7520,4625,651814,145,3,1076,Villa,1,1,17
102 Boulevard Saint-Germain,15,7508,1879,251626,44,1,532,Duplex,0,0,11
142 Rue de Rivoli,7,7511,7334,3829955,128,1,1284,Villa,1,1,34
151 Rue Saint-Honoré,11,7519,8625,4061933,91,4,783,Villa,1,1,27
150 Rue du Faubourg Saint-Honoré,2,7513,2673,3705907,120,5,1767,Apartment,0,1,36
102 Rue de Rivoli,14,7507,6556,4049067,77,5,1352,Villa,0,0,9
135 Avenue Montaigne,7,7504,1059,4818560,46,5,1344,Apartment,1,1,18
81 Boulevard Saint-Germain,15,7517,1283,3944416,200,2,1109,Villa,0,0,14
176 Boulevard Haussmann,13,7509,2536,4332163,77,3,1890,Villa,0,0,28
8 Rue du Faubourg Saint-Honoré,12,7518,9397,3306847,58,3,702,Villa,1,0,31
192 Rue du Faubourg Saint-Honoré,8,7515,4766,4833797,107,3,547,Apartment,1,1,8
99 Rue de la Paix,6,7507,4738,2732520,46,2,692,Villa,0,0,22
153 Rue de Vaugirard,13,7508,8294,3234949,78,1,1760,Apartment,0,1,19
135 Boulevard Haussmann,9,7513,6139,1319477,185,5,1368,Duplex,0,0,13
102 Avenue Montaigne,18,7515,9669,3348940,58,4,1338,Villa,0,0,10
163 Avenue des Champs-Élysées,11,7517,1079,557829,160,2,1446,Villa,1,0,11
124 Rue de la Paix,4,7520,7064,2602666,42,5,806,Villa,1,0,23
108 Boulevard Saint-Germain,17,7515,5932,1545199,108,3,1761,Apartment,1,1,30
60 Avenue Montaigne,12,7501,6397,4452948,170,3,1410,Apartment,0,1,17
184 Rue de la Paix,9,7520,7184,1246505,53,3,675,Villa,1,1,13
21 Rue Saint-Honoré,11,7515,3278,1057190,141,3,1260,Apartment,1,0,29
164 Rue de Vaugirard,1,7512,3703,3161411,124,1,828,Duplex,1,1,5
99 Rue de la Paix,20,7501,1813,1363775,63,5,719,Apartment,1,1,25
92 Avenue des Champs-Élysées,13,7507,2660,1232886,111,5,1234,Duplex,0,1,5
112 Rue de la République,5,7516,3627,596236,112,2,1769,Apartment,1,1,11
99 Rue de la Paix,17,7504,3860,2292161,54,3,1261,Villa,0,0,5
179 Rue du Faubourg Saint-Honoré,17,7516,4466,3291213,129,3,753,Duplex,1,1,18
126 Boulevard Haussmann,16,7511,5054,1065083,34,1,1550,Duplex,1,0,8
9 Rue du Faubourg Saint-Honoré,10,7515,9655,3192354,170,1,1107,Villa,0,0,19
62 Rue de la Paix,13,7502,1217,2277678,191,1,1174,Villa,1,1,18
106 Boulevard Saint-Germain,3,7517,4130,4893435,85,4,1453,Duplex,1,0,32
136 Rue de Rivoli,7,7505,1845,4794487,48,3,1610,Villa,0,1,35
64 Rue Saint-Honoré,7,7516,2760,2987794,52,4,1335,Apartment,1,1,18
38 Boulevard Saint-Germain,18,7505,6574,1135856,145,4,963,Villa,0,1,7
151 Rue Saint-Honoré,2,7514,1221,1038183,82,2,364,Apartment,0,1,30
125 Boulevard Haussmann,11,7506,2739,2766120,119,2,1372,Villa,0,0,14
126 Rue de la République,20,7501,7972,4007859,60,4,1492,Apartment,1,1,19
146 Rue de la Paix,16,7504,3156,1763100,42,2,1395,Villa,1,0,24
83 Rue de Rivoli,6,7506,2955,1489628,100,2,1133,Apartment,1,0,29
56 Rue Saint-Honoré,15,7505,5208,4359708,175,2,529,Duplex,1,1,4
16 Avenue Montaigne,19,7504,5835,4560997,122,4,1627,Apartment,1,1,22
78 Avenue des Champs-Élysées,19,7517,1920,3769049,124,3,654,Apartment,1,1,22
141 Rue de la Paix,7,7511,9323,3895342,151,2,1691,Villa,0,1,15
72 Rue de la Paix,20,7508,1719,3448660,108,4,1724,Apartment,1,1,3
22 Rue de Rivoli,8,7516,5176,651021,135,5,1064,Villa,1,1,3
63 Rue du Faubourg Saint-Honoré,19,7504,5922,1719972,91,1,907,Apartment,0,1,4
70 Rue de la Paix,9,7517,8228,392116,145,4,912,Villa,0,1,3
79 Rue de Rivoli,5,7502,3689,3176822,196,1,498,Villa,1,1,9
2 Rue du Faubourg Saint-Honoré,14,7507,3166,641802,164,5,1311,Duplex,0,1,35
193 Rue de la Paix,4,7503,2599,4390891,136,1,1275,Villa,1,0,16
21 Rue de Vaugirard,4,7509,9320,137765,134,1,1613,Duplex,1,1,16
98 Boulevard Saint-Germain,5,7504,3216,3488634,144,1,1688,Duplex,0,0,9
40 Boulevard Haussmann,19,7508,6288,1681161,30,5,472,Villa,1,1,33
179 Avenue Montaigne,1,7517,7826,2223847,100,3,1879,Apartment,1,1,19
63 Avenue Montaigne,16,7503,4126,4779048,157,1,718,Villa,1,1,6
175 Rue du Faubourg Saint-Honoré,7,7510,4236,969171,117,3,695,Apartment,1,0,33
141 Rue de Vaugirard,14,7513,7530,1532063,164,3,717,Duplex,0,1,21
88 Avenue Montaigne,19,7513,9142,2289267,34,4,1259,Apartment,1,1,6
2 Avenue des Champs-Élysées,18,7504,4546,3230516,138,2,1336,Duplex,1,0,36
127 Rue de Rivoli,1,7510,4621,2008223,113,4,1536,Duplex,0,0,2
31 Rue de Vaugirard,6,7510,7064,2240246,44,3,1878,Villa,0,0,26
186 Avenue des Champs-Élysées,6,7519,7547,477042,99,3,1538,Duplex,0,1,22
128 Rue de Rivoli,2,7515,1251,3993662,190,5,1075,Apartment,1,1,20
55 Rue de Rivoli,16,7502,1525,2730975,152,4,393,Apartment,1,1,36
194 Avenue des Champs-Élysées,14,7512,2759,1760447,137,1,1638,Apartment,1,1,18
6 Avenue des Champs-Élysées,14,7501,9519,3244657,176,4,1636,Apartment,1,1,3
8 Boulevard Saint-Germain,9,7503,6581,4199298,142,2,539,Apartment,1,1,14
16 Rue Saint-Honoré,15,7518,8081,3475488,152,5,1976,Villa,1,0,4
158 Rue de Vaugirard,19,7504,3183,4560788,159,2,1233,Apartment,0,0,35
73 Rue de la République,1,7504,3125,3502302,99,1,1496,Apartment,1,0,18
11 Rue de la Paix,6,7513,6661,2669758,76,2,1056,Villa,0,0,35
106 Boulevard Haussmann,2,7515,8295,4082358,49,3,416,Villa,0,0,27
112 Boulevard Saint-Germain,10,7518,8885,1523203,135,5,1142,Apartment,0,0,18
48 Avenue des Champs-Élysées,5,7502,3800,392649,72,3,1082,Duplex,1,0,6
92 Boulevard Haussmann,18,7509,4525,4542048,182,4,1937,Villa,1,1,29
29 Rue du Faubourg Saint-Honoré,6,7516,3958,3884405,67,2,1218,Villa,1,1,34
99 Rue de la République,4,7513,7842,2042244,147,4,326,Villa,0,1,19
53 Rue de la République,6,7507,9164,4582997,162,1,971,Apartment,0,0,22
117 Rue du Faubourg Saint-Honoré,8,7506,8997,3439339,116,4,1780,Duplex,0,1,36
194 Rue de la République,17,7505,5072,984471,184,2,406,Apartment,0,0,10
147 Rue Saint-Honoré,17,7504,7508,2349907,136,5,353,Duplex,0,0,21
5 Rue de la Paix,14,7504,3388,1172166,190,1,652,Duplex,0,1,8
191 Avenue des Champs-Élysées,10,7511,7719,1666201,182,1,1969,Duplex,1,0,28
139 Rue de Rivoli,8,7520,8651,4058342,37,2,1899,Villa,0,0,3
119 Boulevard Haussmann,19,7501,9311,2138860,85,2,972,Duplex,0,0,8
124 Rue de Vaugirard,18,7519,4883,3463156,135,4,1947,Duplex,0,1,8
191 Rue de Vaugirard,8,7512,4043,2352891,154,5,992,Apartment,0,0,13
178 Rue de Vaugirard,18,7519,5588,1227792,45,1,598,Apartment,1,0,11
5 Rue de Rivoli,18,7519,5850,1345140,187,4,1443,Villa,0,1,3
74 Rue de Vaugirard,12,7511,3506,2595428,91,4,950,Villa,0,0,30
21 Rue de Rivoli,14,7506,3824,151188,129,1,1740,Apartment,0,1,2
10 Avenue Montaigne,3,7510,9254,3612619,117,1,474,Apartment,1,1,7
105 Rue de Rivoli,4,7507,8676,4399871,54,2,500,Villa,0,0,16
95 Rue Saint-Honoré,10,7501,8311,418887,147,3,425,Duplex,1,1,33
80 Boulevard Haussmann,11,7518,7164,4145461,110,5,1545,Apartment,0,1,4
87 Avenue Montaigne,13,7501,6316,870524,73,5,775,Villa,1,0,16
10 Rue du Faubourg Saint-Honoré,9,7502,4308,2047575,89,2,672,Apartment,0,1,12
162 Rue de Vaugirard,1,7501,5720,1231868,186,1,1787,Duplex,0,0,6
24 Rue de Vaugirard,12,7520,1463,3769931,65,1,920,Duplex,0,0,31
30 Rue de Rivoli,20,7506,6094,4780774,122,1,1731,Apartment,0,1,9
115 Rue Saint-Honoré,18,7515,1862,3145496,37,3,1417,Duplex,0,1,35
8 Avenue Montaigne,10,7509,2622,3078860,188,3,1258,Apartment,1,0,10
76 Rue de Rivoli,18,7512,5198,3269110,199,3,884,Duplex,1,0,28
122 Avenue des Champs-Élysées,4,7507,3722,4771758,75,5,677,Apartment,0,0,21
55 Boulevard Saint-Germain,8,7511,3979,2945535,60,3,796,Apartment,0,0,16
170 Avenue des Champs-Élysées,4,7509,8438,207922,37,4,1623,Apartment,1,0,15
159 Rue du Faubourg Saint-Honoré,20,7514,2489,730331,127,3,343,Villa,1,0,6
125 Rue de Vaugirard,19,7516,5244,2851183,114,3,1993,Villa,0,0,2
129 Boulevard Saint-Germain,8,7505,9299,3788135,31,5,1143,Duplex,1,1,16
154 Rue du Faubourg Saint-Honoré,8,7510,4587,4804506,93,3,1378,Apartment,0,0,34
112 Avenue des Champs-Élysées,16,7504,8915,2245543,55,5,1600,Villa,0,0,33
7 Rue de la Paix,1,7501,2664,4810193,174,2,1985,Apartment,0,0,35
69 Boulevard Haussmann,2,7514,8217,2637679,60,1,1466,Apartment,0,1,20
39 Avenue Montaigne,3,7501,2750,2024277,73,3,638,Duplex,0,0,24
193 Rue de Vaugirard,18,7507,9529,4040121,140,1,1296,Villa,1,0,25
149 Rue de Vaugirard,18,7512,3537,2918543,69,4,1233,Duplex,1,0,1
156 Rue de la Paix,8,7517,5928,4388682,140,4,980,Apartment,0,1,16
40 Rue Saint-Honoré,14,7505,1746,1023142,87,2,1467,Duplex,1,1,35
173 Rue de Rivoli,2,7507,2125,1736521,153,4,1339,Apartment,0,0,35
78 Rue de la Paix,16,7512,8101,1686309,89,3,861,Duplex,0,1,22
70 Avenue des Champs-Élysées,16,7508,9943,2611999,174,5,1968,Villa,0,0,29
58 Avenue Montaigne,2,7519,5595,3487841,36,5,317,Apartment,1,0,31
166 Boulevard Saint-Germain,17,7517,2995,3822056,114,5,1300,Duplex,1,1,1
111 Rue du Faubourg Saint-Honoré,6,7515,1110,1135713,139,4,643,Apartment,0,1,5
13 Rue de la République,11,7518,7227,3735266,153,3,660,Villa,0,0,3
11 Rue de la République,1,7518,8748,702293,64,5,323,Duplex,0,1,18
23 Rue de la République,16,7506,2690,4135261,136,5,1428,Duplex,0,1,28
112 Avenue des Champs-Élysées,1,7520,6146,1091925,93,4,1177,Duplex,1,1,8
161 Avenue Montaigne,15,7506,5133,383193,82,3,1559,Apartment,0,1,34
151 Rue Saint-Honoré,2,7516,9324,4141639,104,5,1968,Apartment,0,1,11
59 Boulevard Haussmann,8,7510,9244,259976,171,5,1597,Villa,0,1,33
199 Rue de la République,12,7504,7953,2966589,70,5,980,Duplex,0,0,32
127 Rue de Vaugirard,5,7505,4719,4016921,157,5,1372,Villa,1,0,18
160 Avenue Montaigne,5,7508,3765,1441992,149,5,1106,Apartment,0,1,31
44 Rue de la Paix,16,7519,5594,2352357,111,2,338,Apartment,1,0,14
146 Avenue des Champs-Élysées,18,7518,7874,4554280,57,3,1110,Villa,1,1,29
162 Avenue des Champs-Élysées,18,7519,9172,4784166,32,2,1571,Apartment,0,0,30
99 Avenue Montaigne,1,7508,3400,1664039,190,5,1268,Duplex,0,1,23
110 Rue du Faubourg Saint-Honoré,2,7505,4445,1700877,116,5,839,Duplex,1,0,6
192 Avenue des Champs-Élysées,5,7508,6259,2547094,64,2,1184,Villa,0,1,33
154 Avenue des Champs-Élysées,2,7515,8969,1403938,78,1,1000,Apartment,1,0,33
82 Rue du Faubourg Saint-Honoré,4,7518,7997,360846,73,4,1582,Villa,1,0,17
200 Boulevard Haussmann,18,7502,2176,2974471,189,1,388,Apartment,1,1,6
141 Avenue des Champs-Élysées,7,7518,1152,4571796,155,1,1471,Villa,0,1,25
145 Rue de la République,14,7502,5001,4493153,124,2,1693,Apartment,0,1,4
134 Rue de la Paix,5,7518,1408,2560860,158,4,1150,Apartment,0,1,31
62 Rue du Faubourg Saint-Honoré,15,7519,8894,4616265,126,5,953,Duplex,0,0,22
180 Rue Saint-Honoré,20,7501,2278,2850909,198,2,1843,Apartment,1,0,2
5 Boulevard Saint-Germain,7,7506,4626,4731370,40,1,1866,Duplex,1,1,33
2 Rue de Rivoli,19,7513,8948,4436595,117,4,412,Villa,1,1,25
150 Avenue des Champs-Élysées,20,7519,5881,2797398,136,2,1150,Apartment,0,0,32
65 Rue de Vaugirard,8,7515,2249,1204961,117,1,552,Apartment,1,1,21
185 Rue de Vaugirard,1,7507,7938,2736436,68,3,867,Villa,1,1,20
148 Avenue des Champs-Élysées,19,7505,9278,2714675,150,2,742,Villa,1,1,6
149 Rue de Vaugirard,4,7506,2663,1822976,170,2,1252,Villa,1,0,3
111 Boulevard Haussmann,8,7504,7474,1921728,72,2,784,Villa,0,1,29
109 Rue de Rivoli,16,7502,2589,1135085,115,4,1759,Villa,1,1,16
95 Rue de Vaugirard,18,7506,2862,1675272,170,3,1089,Villa,1,1,12
125 Rue de Rivoli,8,7501,8886,3291197,82,2,1279,Duplex,0,0,5
99 Rue de la Paix,10,7513,8969,4705094,119,4,375,Apartment,1,0,30
186 Rue de la République,5,7506,5990,2939533,54,2,1263,Villa,1,0,30
77 Rue de Rivoli,6,7503,2256,2293325,196,3,1541,Apartment,0,1,15
5 Avenue des Champs-Élysées,3,7518,6695,4012779,44,5,1672,Duplex,1,1,2
127 Rue Saint-Honoré,20,7501,5637,769726,179,1,1741,Duplex,1,0,16
38 Rue de la Paix,1,7518,6764,2067889,64,2,1561,Apartment,1,0,14
10 Avenue Montaigne,3,7501,6766,2736840,163,1,1486,Villa,1,0,24
193 Avenue Montaigne,17,7513,8121,4158699,170,3,1400,Duplex,1,0,17
102 Rue de la République,15,7512,7969,1791031,159,1,789,Duplex,0,1,30
185 Rue de Rivoli,11,7507,9081,4639876,158,2,1220,Villa,0,0,11
26 Avenue Montaigne,15,7519,4451,319473,173,3,1287,Duplex,1,1,31
102 Rue de la République,13,7514,9777,1081164,60,4,1711,Duplex,1,1,25
184 Rue Saint-Honoré,2,7504,7170,4699144,112,2,1480,Villa,0,1,8
176 Rue de la Paix,19,7516,5524,1118210,197,4,695,Duplex,0,1,35
12 Rue Saint-Honoré,13,7518,7626,2321470,85,2,1525,Duplex,1,0,5
1 Boulevard Haussmann,12,7508,5139,4781920,101,2,374,Villa,1,1,7
92 Boulevard Saint-Germain,16,7514,8768,3405130,150,1,1711,Villa,1,1,24
68 Rue du Faubourg Saint-Honoré,9,7503,2176,4970723,114,4,1284,Apartment,1,0,3
174 Boulevard Haussmann,18,7512,8774,3200719,34,3,663,Duplex,1,1,15
104 Rue de la République,13,7504,8457,1564198,144,4,1028,Villa,1,1,35
130 Avenue Montaigne,12,7507,1093,4295547,159,1,1443,Apartment,0,0,30
153 Rue de Rivoli,12,7520,1013,2114520,136,1,313,Villa,0,0,25
95 Avenue des Champs-Élysées,2,7518,3324,3953160,70,2,1755,Apartment,1,0,28
127 Rue du Faubourg Saint-Honoré,6,7511,9644,2008285,30,4,1616,Apartment,1,0,19
3 Rue de Rivoli,16,7518,3346,4071663,141,5,961,Duplex,1,0,12
65 Boulevard Haussmann,18,7516,4246,3452742,42,2,1000,Villa,0,1,23
135 Rue du Faubourg Saint-Honoré,6,7505,6737,731544,113,3,585,Apartment,1,0,14
99 Avenue Montaigne,5,7520,9801,4188015,168,3,1439,Apartment,0,0,14
147 Avenue des Champs-Élysées,16,7514,3944,803929,63,5,736,Apartment,0,0,32
185 Rue de la Paix,7,7517,3707,4961223,151,5,661,Villa,1,0,14
133 Boulevard Haussmann,6,7503,7189,3087269,200,3,1210,Duplex,0,0,34
18 Rue de Rivoli,3,7503,6065,4515798,99,5,1083,Apartment,1,0,20
45 Rue du Faubourg Saint-Honoré,13,7514,1622,4914876,86,3,1921,Apartment,0,0,19
163 Avenue des Champs-Élysées,6,7504,5849,120703,194,5,1481,Villa,0,0,14
123 Rue de la République,18,7514,5127,2553489,37,2,1032,Duplex,0,1,21
29 Rue de Rivoli,18,7502,1799,2052770,140,1,1910,Apartment,0,1,1
109 Rue de Vaugirard,20,7512,4347,3006112,172,2,1592,Duplex,1,1,35
138 Rue de Vaugirard,8,7517,7085,3082628,53,5,801,Villa,0,0,24
85 Rue de la République,2,7514,9466,3378792,145,3,1530,Apartment,0,0,12
77 Rue de la Paix,12,7511,4005,154033,117,2,1569,Apartment,0,1,28
137 Rue de la République,2,7502,7400,2750057,109,3,1172,Apartment,0,0,31
136 Rue de Vaugirard,19,7512,1858,1163264,191,4,1870,Villa,1,1,18
89 Boulevard Haussmann,20,7509,9650,837038,35,5,896,Apartment,0,0,11
170 Boulevard Saint-Germain,2,7508,7179,4494053,151,4,557,Villa,0,0,27
13 Rue de la République,19,7518,8111,1555862,82,2,1082,Villa,1,1,15
75 Rue de la République,1,7515,6714,4308904,93,1,1497,Apartment,0,0,4
189 Rue Saint-Honoré,20,7518,5916,4070250,96,4,937,Villa,1,0,4
183 Rue de la Paix,17,7520,3133,4771797,156,1,1969,Duplex,1,1,9
167 Rue du Faubourg Saint-Honoré,1,7502,6607,4477744,119,3,1489,Apartment,0,0,15
12 Rue de la Paix,5,7502,2657,3327944,85,1,1106,Duplex,1,1,7
21 Boulevard Saint-Germain,14,7502,6022,1470480,194,2,1012,Duplex,0,1,35
47 Avenue Montaigne,11,7516,5477,226312,124,4,1900,Villa,0,1,36
196 Rue Saint-Honoré,8,7501,7620,3611866,150,2,1004,Villa,1,1,8
15 Rue de la République,9,7512,9869,4947814,33,3,1359,Apartment,1,1,6
34 Boulevard Saint-Germain,9,7502,7383,1451032,162,4,1642,Apartment,0,1,1
20 Boulevard Haussmann,19,7516,5802,2593170,142,5,1786,Apartment,1,0,6
192 Rue de la Paix,8,7512,9223,1302037,161,1,1185,Apartment,1,1,3
130 Rue de Rivoli,4,7508,6439,3993966,123,4,1486,Villa,1,0,4
121 Boulevard Saint-Germain,8,7503,5034,184522,172,4,1497,Duplex,1,1,4
119 Avenue Montaigne,4,7511,7108,3938507,143,3,1876,Villa,1,1,34
164 Boulevard Saint-Germain,20,7516,1442,2163874,73,1,1169,Duplex,0,0,28
179 Boulevard Haussmann,8,7505,2112,373531,125,1,320,Villa,1,0,17
48 Rue de Vaugirard,3,7502,7714,2242607,108,2,899,Villa,1,1,19
9 Avenue Montaigne,16,7518,5854,3516996,190,1,1641,Duplex,1,0,2
33 Rue de la République,12,7505,8435,4500755,136,3,1115,Villa,1,1,15
135 Rue Saint-Honoré,20,7518,5729,3197680,158,4,363,Duplex,0,0,33
199 Rue de la Paix,9,7520,2499,3699642,119,1,390,Villa,0,0,15
104 Rue de Rivoli,9,7516,2395,1850696,80,2,1970,Villa,1,0,1
136 Rue de Rivoli,19,7506,1760,2084342,148,1,1062,Villa,0,1,34
57 Rue de la République,12,7506,3111,4678287,198,2,1737,Apartment,1,1,24
69 Rue Saint-Honoré,12,7513,4744,796168,114,1,890,Duplex,1,1,15
164 Rue Saint-Honoré,14,7502,1249,3984358,86,1,1780,Villa,0,0,29
141 Rue de Rivoli,7,7505,4536,4008122,62,4,1724,Apartment,0,1,21
137 Avenue Montaigne,9,7519,9567,533986,147,1,1874,Apartment,0,1,5
11 Rue de la République,14,7519,8574,2188860,90,4,1610,Villa,0,1,23
98 Rue du Faubourg Saint-Honoré,19,7517,1647,1350244,70,4,650,Apartment,0,1,1
121 Rue de la Paix,5,7504,1035,2770850,133,1,1402,Apartment,0,0,9
158 Rue de la Paix,11,7517,6053,1310401,58,4,1113,Villa,0,0,29
139 Rue de Vaugirard,4,7504,3106,948299,153,1,1558,Villa,1,0,9
165 Avenue Montaigne,7,7518,7135,4973666,177,5,1148,Duplex,0,0,3
192 Rue de la Paix,9,7507,3753,266020,91,1,1240,Apartment,1,0,29
41 Rue de la République,4,7504,1260,2461905,64,4,626,Villa,0,1,25
115 Boulevard Saint-Germain,14,7518,7547,3392056,144,3,1335,Duplex,1,1,16
133 Rue Saint-Honoré,9,7515,6669,4237069,143,2,644,Apartment,1,0,25
121 Rue de Vaugirard,3,7515,6728,827410,54,5,702,Apartment,0,1,24
179 Rue Saint-Honoré,9,7507,1119,1272045,113,5,811,Villa,1,1,16
152 Boulevard Haussmann,14,7504,4976,3836264,197,2,1537,Apartment,1,0,32
76 Boulevard Saint-Germain,10,7509,7391,1549357,57,2,1669,Apartment,1,0,2
102 Boulevard Haussmann,1,7503,3708,4479385,38,1,1799,Apartment,0,0,29
59 Boulevard Haussmann,19,7502,1329,3207229,166,4,510,Villa,0,1,11
197 Rue de Rivoli,9,7515,6137,3399589,135,2,1945,Villa,0,0,33
87 Rue du Faubourg Saint-Honoré,3,7513,6913,732704,178,1,987,Villa,0,1,9
3 Rue de la Paix,9,7510,7748,4915255,32,5,801,Duplex,0,0,11
72 Boulevard Saint-Germain,20,7519,3582,2303724,150,5,1835,Villa,1,0,32
144 Avenue Montaigne,15,7505,1307,2157918,167,1,787,Villa,0,1,6
95 Avenue des Champs-Élysées,19,7511,5650,873407,140,3,897,Apartment,0,0,13
70 Avenue Montaigne,2,7520,5261,3737220,81,3,1399,Apartment,0,0,19
156 Rue de Rivoli,2,7503,2081,3642947,101,2,1296,Duplex,1,1,15
113 Boulevard Saint-Germain,8,7505,7951,1848137,34,1,509,Apartment,0,0,5
113 Rue de Vaugirard,2,7502,8455,1471167,66,4,494,Villa,0,0,9
160 Rue de la Paix,13,7517,9197,3237619,154,1,1223,Apartment,0,1,16
177 Rue de Vaugirard,7,7513,6886,4893545,120,2,1837,Apartment,0,1,17
73 Boulevard Haussmann,7,7517,8614,2724978,147,2,1781,Villa,0,1,28
43 Rue de Vaugirard,4,7514,1711,3206409,31,2,1355,Duplex,0,1,25
119 Rue de la Paix,17,7502,9424,2934801,73,4,1488,Villa,0,0,19
198 Rue de Rivoli,16,7519,7563,3395247,194,1,1993,Duplex,0,0,25
106 Rue de la République,16,7515,2439,1715374,129,3,489,Villa,0,0,1
6 Boulevard Saint-Germain,8,7519,9238,1019552,55,4,1065,Duplex,0,1,11
94 Rue de la République,10,7505,1846,460013,177,3,1588,Apartment,1,0,30
73 Rue Saint-Honoré,1,7512,3797,2238464,64,5,1692,Apartment,1,0,12
38 Rue de la Paix,1,7505,7579,866753,113,1,514,Duplex,0,0,29
149 Rue Saint-Honoré,1,7507,9679,359636,197,4,1659,Villa,1,1,19
81 Avenue des Champs-Élysées,2,7516,2712,3353012,70,4,1977,Apartment,1,1,11
160 Rue de Vaugirard,3,7513,5920,2871058,139,1,1080,Villa,1,1,28
82 Rue de Vaugirard,4,7506,8883,4989592,94,5,1513,Duplex,1,0,31
194 Rue de Rivoli,11,7504,2101,3357090,115,3,1366,Apartment,1,1,33
80 Boulevard Haussmann,16,7501,9572,2924182,183,3,1526,Duplex,0,1,7
148 Rue de Rivoli,11,7510,9818,3041540,122,2,1157,Villa,0,1,7
180 Rue de Rivoli,12,7502,4854,4835040,139,4,359,Duplex,0,1,36
58 Rue du Faubourg Saint-Honoré,6,7513,2079,3720243,100,3,1094,Apartment,0,1,18
169 Rue de la République,12,7507,2901,3183561,112,4,1458,Apartment,0,0,30
15 Rue de Vaugirard,17,7520,7364,1499512,103,2,1250,Villa,1,0,4
127 Boulevard Haussmann,3,7506,8896,3417979,144,5,376,Apartment,1,0,34
142 Rue de la République,12,7502,6383,825911,71,1,1824,Villa,0,1,11
75 Rue de la Paix,5,7516,2513,2551217,53,4,1802,Villa,0,1,32
142 Rue de la République,9,7501,5773,421549,69,4,1118,Apartment,1,0,10
53 Rue Saint-Honoré,18,7519,4950,3015251,123,2,1812,Apartment,0,0,13
166 Avenue Montaigne,9,7513,8652,1592217,42,2,1409,Duplex,0,1,18
156 Avenue des Champs-Élysées,3,7516,6348,4596343,175,4,1619,Villa,0,0,27
7 Rue de la République,6,7512,4883,4940994,126,5,324,Apartment,0,0,36
118 Rue de la Paix,18,7520,8596,160706,39,1,560,Apartment,0,0,17
192 Rue du Faubourg Saint-Honoré,15,7516,2441,1440799,62,4,1737,Apartment,0,0,7
7 Boulevard Saint-Germain,12,7502,6040,4589261,159,4,448,Apartment,0,1,13
75 Avenue des Champs-Élysées,1,7517,2275,972943,74,2,1255,Duplex,1,1,30
76 Boulevard Haussmann,12,7501,2077,2994153,83,2,1740,Duplex,0,1,20
150 Rue de Rivoli,19,7507,7610,1660825,70,4,980,Apartment,1,1,20
74 Rue Saint-Honoré,4,7508,5625,2179045,101,1,1067,Duplex,1,0,3
117 Avenue des Champs-Élysées,6,7502,9798,774530,77,4,1244,Duplex,1,1,14
174 Avenue Montaigne,14,7519,8669,4730498,121,1,1126,Apartment,0,1,22
87 Avenue Montaigne,20,7516,8406,3423675,97,2,718,Apartment,1,1,11
129 Boulevard Saint-Germain,11,7519,3069,1341806,200,4,1137,Apartment,0,0,2
129 Rue Saint-Honoré,12,7513,3405,1625719,177,2,1796,Duplex,1,1,9
122 Boulevard Haussmann,5,7503,7514,2938241,137,3,1654,Apartment,0,0,34
131 Rue de la République,7,7512,1154,423452,126,1,1278,Villa,1,0,23
32 Boulevard Haussmann,17,7517,5708,1283770,57,3,1135,Villa,0,0,18
120 Rue de la République,9,7502,2685,224085,180,1,1777,Villa,0,1,28
116 Rue de la République,8,7506,4026,1920215,183,4,1491,Villa,1,1,29
150 Rue de la République,10,7519,6135,1556555,92,2,1820,Villa,0,0,11
141 Rue de Vaugirard,16,7502,1982,4737466,98,3,1391,Villa,0,1,24
32 Boulevard Haussmann,8,7517,5865,3712994,41,2,1469,Apartment,0,0,13
106 Rue de la Paix,1,7508,1817,3880497,149,5,1566,Apartment,1,0,29
48 Rue de la Paix,6,7504,1561,4281535,105,3,625,Villa,0,1,35
50 Boulevard Haussmann,1,7513,4214,3611515,97,1,775,Duplex,0,0,19
127 Boulevard Haussmann,15,7507,1727,4017402,60,1,1386,Apartment,0,1,22
127 Rue Saint-Honoré,15,7515,1715,3125620,182,4,854,Apartment,1,0,26
62 Boulevard Saint-Germain,15,7505,4377,1011472,50,5,315,Duplex,0,0,1
143 Rue de Rivoli,11,7512,4249,1195671,196,2,842,Apartment,1,1,30
131 Avenue des Champs-Élysées,6,7512,5533,118015,74,3,1520,Duplex,1,0,27
120 Rue de la République,3,7514,5102,1437378,51,3,388,Apartment,1,1,33
188 Rue de Vaugirard,1,7517,9896,154512,50,4,1764,Duplex,1,0,35
101 Rue de la Paix,5,7511,1761,1830092,134,4,479,Villa,1,0,15
169 Rue de la Paix,4,7503,4395,654258,63,4,1766,Duplex,1,1,32
110 Rue de Vaugirard,7,7504,5084,2710371,104,1,773,Duplex,0,0,8
128 Boulevard Haussmann,6,7502,6057,4888499,177,4,1476,Villa,0,1,35
94 Rue de Vaugirard,9,7511,4520,4263810,84,2,441,Apartment,1,1,13
134 Rue Saint-Honoré,6,7510,1637,2944710,160,3,439,Villa,0,1,36
180 Avenue Montaigne,20,7501,9877,4685504,159,5,811,Apartment,1,0,6
30 Rue Saint-Honoré,2,7516,1505,3444729,139,3,1523,Villa,1,1,20
175 Rue du Faubourg Saint-Honoré,18,7518,3311,1391599,132,4,1164,Villa,0,1,17
151 Rue de la Paix,15,7509,9916,4325263,45,5,495,Duplex,1,0,12
68 Rue de Vaugirard,11,7519,7843,3748426,41,1,540,Duplex,1,0,34
149 Boulevard Haussmann,1,7504,6636,1258139,162,2,1281,Villa,0,0,25
30 Rue de Vaugirard,11,7510,5150,2744150,90,5,1563,Villa,1,0,36
124 Rue Saint-Honoré,19,7520,1239,1300110,157,4,1122,Apartment,0,1,1
163 Rue du Faubourg Saint-Honoré,11,7513,9670,3310991,195,5,701,Apartment,1,0,17
114 Avenue des Champs-Élysées,14,7520,8286,2384300,153,5,1423,Apartment,1,1,4
173 Boulevard Haussmann,15,7514,6565,3905510,119,2,696,Duplex,1,1,24
158 Avenue Montaigne,1,7515,7959,2244073,35,2,1164,Duplex,1,0,14
29 Rue de la République,20,7505,6729,1358777,61,3,1319,Villa,0,1,35
141 Rue de Vaugirard,20,7504,7460,563269,110,5,1406,Villa,0,0,11
93 Rue Saint-Honoré,11,7504,4558,555108,85,2,834,Duplex,1,1,16
19 Rue de la Paix,16,7505,5223,3609740,192,2,1348,Villa,0,0,35
153 Rue de la Paix,15,7504,5627,1305504,34,4,745,Duplex,1,0,17
93 Rue du Faubourg Saint-Honoré,19,7506,1748,3182223,74,4,1576,Duplex,0,1,20
194 Avenue des Champs-Élysées,20,7505,2288,2393157,89,5,460,Apartment,1,0,26
36 Rue de Vaugirard,1,7508,4134,1274244,38,4,365,Duplex,0,1,20
93 Rue du Faubourg Saint-Honoré,17,7518,1381,3612440,75,1,1174,Duplex,0,0,8
97 Rue de la Paix,14,7518,6996,4781714,172,2,991,Apartment,0,1,25
60 Rue du Faubourg Saint-Honoré,13,7509,5867,1862906,162,2,1410,Villa,0,0,26
183 Rue de Rivoli,1,7512,2463,3412264,197,3,1303,Duplex,1,1,25
90 Rue de la République,5,7517,7681,1355714,93,4,375,Duplex,0,0,7
78 Avenue des Champs-Élysées,18,7501,6174,4218066,134,4,815,Apartment,1,1,7
99 Boulevard Haussmann,3,7511,7008,1039369,148,3,1850,Apartment,0,1,36
