Property_name,Price (dollars),Year_Built,Property_Type,Area (sq ft),Tax (dollars/year),Total_room,Bedroom,Bathroom,Area_code,Price (euros),Prop_size (m^2)
Montmartre - SacrÃ©-coeur - Perfect pied-Ã -terre with amazing views,641304.0,1875.0,Apartments,430.0,612.0,3.0,1.0,1.0,75018,589999.0,39.0
Renovated flat with open view - Paris 4th - Marais,635870.0,1860.0,Apartments,452.0,465.0,2.0,1.0,1.0,75004,585000.0,41.0
Saint-Germain-des-PrÃ©s,608696.0,1800.0,Apartments,312.0,2614.5196078431372,5.0,1.0,2.0,75006,560000.0,28.0
Saint-Germain-des-PrÃ©s,608696.0,1800.0,Apartments,312.0,641.0,5.0,1.0,2.0,75006,560000.0,28.0
"PARIS 17, MONCEAU PARK",597826.0,1900.0,Apartments,473.0,2614.5196078431372,5.0,1.0,2.0,75017,549999.0,43.0
House,596739.0,1880.0,Single Family Homes,441.0,635.0,5.0,1.0,2.0,75003,548999.0,40.0
Perfect Pied-Ã -terre in front of the Jardins du Luxembourg,576087.0,1964.0,Apartments,441.0,1274.0,5.0,1.0,2.0,75006,530000.0,40.0
Apartment,357609.0,1800.0,Apartments,236.0,2614.5196078431372,1.0,3.0,1.0,75003,329000.0,21.0
Paris XVI - Art deco Penthouse opening on terraces,2089674.0,1930.0,Apartments,1304.1100000000001,7089.0,10.0,4.0,4.0,75016,1877499.0,119.5
Rare apartment by Jacques Garcia,2089674.0,1929.0,Apartments,1304.1100000000001,2614.5196078431372,5.0,3.0,5.0,75016,1877499.0,119.5
Paris 16Ã¨me- AUTEUIL HIPPODROME,2089674.0,1956.0,Apartments,2884.0,7672.0,5.0,4.0,3.0,75016,1877499.0,265.0
HÃ´tel des Invalides - Paris 7th,2089674.0,1880.0,Apartments,3455.0,4314.0,9.0,2.0,2.0,75007,1877499.0,317.0
Elegant renovated family apartment close to Rue du Bac,2089674.0,1892.0,Apartments,3562.0,5435.0,7.0,3.0,3.0,75007,1877499.0,327.0
Apartment in Paris 16th - Pompe / Victor Hugo,2089674.0,1900.0,Apartments,2927.0,2614.5196078431372,6.0,4.0,2.0,75016,1877499.0,269.0
Magnificent family and reception apartment close to the Avenue Montaigne,2089674.0,1880.0,Apartments,1304.1100000000001,2614.5196078431372,5.0,4.0,2.0,75008,1877499.0,119.5
Apartment in Paris 8th - Triangle d'Or,2089674.0,1930.0,Apartments,1304.1100000000001,2614.5196078431372,10.0,3.0,5.0,75008,1877499.0,119.5
Apartment,2089674.0,1900.0,Apartments,2400.0,6122.0,5.0,2.0,5.0,75004,1877499.0,220.0
Duplex,2089674.0,1929.0,Duplex Homes,2109.0,2614.5196078431372,5.0,3.0,2.0,75006,1877499.0,194.0
Palais de l'ElysÃ©e - Place Beauvau,2089674.0,1825.0,Duplex Homes,2238.0,4468.0,5.0,3.0,2.0,75008,1877499.0,205.0
Prestigious property - Paris VII - Saint Germain des PrÃ©s,2089674.0,1780.0,Apartments,2045.0,5292.0,5.0,3.0,6.0,75007,1877499.0,188.0
Mansion,2089674.0,1930.0,Single Family Homes,3186.0,4278.0,8.0,4.0,2.0,75116,1877499.0,293.0
Elegant bright family apartment with balcony in Paris 16th.,2089674.0,1890.0,Apartments,2906.0,6747.0,7.0,4.0,3.0,75016,1877499.0,267.0
Apartment in Paris 16th - Henri Martin,2089674.0,1900.0,Apartments,2647.0,2614.5196078431372,6.0,3.0,3.0,75016,1877499.0,243.0
"Rare townhouse with garden, in the heart of the Gros Caillou district.",2089674.0,1900.0,Townhouse,2852.0,2614.5196078431372,9.0,3.0,4.0,75007,1877499.0,262.0
luxury apartment for sale paris 7,2089674.0,1880.0,Apartments,2938.0,5217.0,8.0,3.0,6.0,75007,1877499.0,270.0
Saint-Germain-des-PrÃ©s,2089674.0,1993.0,Duplex Homes,1862.0,2614.5196078431372,5.0,2.0,2.0,75006,1877499.0,171.0
Duplex,2089674.0,1896.0,Duplex Homes,3089.0,2614.5196078431372,9.0,3.0,2.0,75007,1877499.0,284.0
Apartment,2089674.0,1824.0,Apartments,1937.0,2688.0,5.0,3.0,3.0,75008,1877499.0,178.0
Apartment in Paris 16th - TrocadÃ©ro,2089674.0,1888.0,Apartments,2690.0,2614.5196078431372,5.0,3.0,3.0,75016,1877499.0,247.0
Apartment with terraces for sale in Paris 16th - Passy,2089674.0,2004.0,Apartments,2830.0,2614.5196078431372,5.0,3.0,2.0,75016,1877499.0,260.0
Quai Voltaire,6413043.0,1768.0,Duplex Homes,2271.0,3997.0,5.0,2.0,5.0,75007,5899999.0,208.0
Hoche / Parc Monceau,6391304.0,1913.0,Single Family Homes,3100.0,2614.5196078431372,9.0,3.0,6.0,75008,5879999.0,285.0
HÃ´tel particulier Paris 17Ã¨me - Pereire,6250000.0,1890.0,Single Family Homes,1304.1100000000001,2614.5196078431372,9.0,3.0,4.0,75017,5750000.0,119.5
Saint-Germain-des- PrÃ©s-/Rue Bonaparte,6250000.0,1880.0,Apartments,1797.0,2614.5196078431372,5.0,2.0,5.0,75006,5750000.0,165.0
Paris V - Family and reception apartment place du PanthÃ©on,5967391.0,1927.0,Apartments,2744.0,5514.0,7.0,3.0,5.0,75005,5489999.0,252.0
Avenue Montaigne,3033588.754534462,1880.0,Apartments,1776.0,4728.0,6.0,3.0,4.0,75008,2734686.343601896,163.0
Golden Triangle: a rare 3 bedroom turnkey apartment,5380435.0,1880.0,Apartments,1722.0,2614.5196078431372,5.0,3.0,3.0,75008,4950000.0,158.0
Apartment in Paris 8th - Triangle d'or,5378261.0,1880.0,Apartments,1722.0,2614.5196078431372,6.0,3.0,5.0,75008,4948000.0,158.0
Apartment in Paris 16th - Marceau / Pierre de Serbie,5135870.0,1893.0,Apartments,3089.0,2614.5196078431372,5.0,3.0,2.0,75116,4725000.0,284.0
Victor Hugo - TrocadÃ©ro,5108696.0,2006.0,Duplex Homes,2325.0,2614.5196078431372,5.0,4.0,3.0,75016,4700000.0,213.0
"Parc Monceau, magnificent reception apartment!",5043478.0,1907.0,Apartments,2680.0,2614.5196078431372,7.0,3.0,6.0,75008,4639999.0,246.0
Apartment in Paris 16th - Victor Hugo,4978261.0,1900.0,Apartments,3013.0,2614.5196078431372,8.0,3.0,4.0,75016,4580000.0,277.0
Apartment in Paris 16th - TrocadÃ©ro,4891304.0,1900.0,Apartments,1582.0,3483.0,5.0,3.0,4.0,75016,4499999.0,145.0
PARIS 8 - GOLDEN TRIANGLE,4782609.0,1850.0,Apartments,2174.0,2614.5196078431372,5.0,2.0,3.0,75008,4400000.0,200.0
"Appartement de Luxe - 16Ã¨me Arrondissement, Paris",4760870.0,1925.0,Apartments,3164.0,3970.0,7.0,3.0,4.0,75016,4380000.0,291.0
Family property with balconies close to the Jardin du Ranelagh,4673913.0,1971.0,Apartments,2551.0,1216.0,6.0,3.0,3.0,75116,4299999.0,234.0
Apartment in Paris 6th - Saint-Sulpice,4673913.0,1900.0,Apartments,1496.0,2174.0,5.0,2.0,4.0,75006,4299999.0,137.0
Paris 1st - Rue de Rivoli / Tuileries,4565217.0,1860.0,Apartments,3336.0,5761.0,5.0,3.0,6.0,75001,4199999.0,306.0
"Avenue Montaigne. Pied-Ã -terre with terrace, two suites, a box.",4336957.0,1940.0,Apartments,1270.0,6688.0,3.0,2.0,5.0,75008,3990000.0,116.0
Friedland Faubourg Saint-HonorÃ©,4336957.0,1880.0,Apartments,2594.0,2614.5196078431372,5.0,3.0,4.0,75008,3990000.0,238.0
House in Paris 14th - AlÃ©sia,4326087.0,2007.0,Townhouse,1304.1100000000001,4202.0,10.0,3.0,2.0,75014,3980000.0,119.5
Apartment in Paris 16th - TrocadÃ©ro,4293478.0,1888.0,Apartments,2712.0,2614.5196078431372,5.0,4.0,6.0,75016,3949999.0,249.0
6-bedroom family apartment.,4239130.0,1924.0,Apartments,3089.0,4562.0,9.0,3.0,2.0,75008,3899999.0,284.0
Duplex,4228261.0,1880.0,Apartments,2152.0,6086.0,5.0,2.0,3.0,75008,3890000.0,197.0
PARIS 8 - GOLDEN TRIANGLE,4130435.0,1850.0,Apartments,2174.0,2614.5196078431372,5.0,2.0,3.0,75008,3800000.0,200.0
Appartement de 302 mÂ² aux beaux volumes - Paris 17Ã¨me - Etoile,4108696.0,1913.0,Apartments,3250.0,3152.0,10.0,3.0,2.0,75017,3780000.0,299.0
Apartment in Paris 16th - La Muette,4076087.0,1910.0,Apartments,2443.0,2614.5196078431372,6.0,3.0,5.0,75016,3750000.0,224.0
Sole Agent - Nice three bedrooms apartment,3956522.0,1849.0,Apartments,1528.0,2925.0,5.0,3.0,4.0,75007,3640000.0,140.0
Family home near Batignolles,3940217.0,1886.0,Single Family Homes,1304.1100000000001,5855.0,5.0,3.0,6.0,75017,3624999.0,119.5
Apartment in Paris 17th - Plaine Monceau,3913043.0,1900.0,Apartments,2992.0,7717.0,9.0,3.0,2.0,75017,3599999.0,275.0
Paris VI - Stunning Reception Apartment,3826087.0,1890.0,Apartments,1560.0,3496.0,4.0,2.0,2.0,75006,3520000.0,143.0
Apartment in Paris 16th - Passy,3804348.0,1931.0,Apartments,1948.0,5109.0,6.0,2.0,5.0,75016,3500000.0,179.0
SUPERBE APPARTEMENT - PLEINE VUE TOUR EIFFEL,3684783.0,1910.0,Apartments,1248.0,2614.5196078431372,5.0,2.0,4.0,75007,3390000.0,114.0
APPARTEMENT TRIANGLE D'OR - PARIS 8,3657609.0,1963.0,Apartments,1097.0,2614.5196078431372,4.0,2.0,3.0,75008,3365000.0,100.0
Gros Caillou UniversitÃ© - Beautiful through apartment - 4 Bedrooms,3641304.0,1930.0,Apartments,2400.0,737.0,6.0,4.0,4.0,75007,3349999.0,220.0
PARIS 8 - GOLDEN TRIANGLE / MONTAIGNE / CHAMPS-Ã‰LYSÃ‰ES,3586957.0,1850.0,Apartments,2066.0,3053.0,6.0,3.0,3.0,75008,3300000.0,190.0
Pompe Victor Hugo superbe appartement en parfait Ã©tat,3576087.0,1914.0,Apartments,2798.0,2614.5196078431372,5.0,4.0,6.0,75016,3290000.0,257.0
Family and reception flat - Paris 16th - Foch-Victor Hugo,3467391.0,1895.0,Apartments,3121.0,2614.5196078431372,5.0,3.0,4.0,75116,3189999.0,287.0
Private mansion in the heart of Saint-Germain-des-PrÃ©s'district,3391304.0,1850.0,Townhouse,1915.0,2614.5196078431372,5.0,3.0,4.0,75006,3119999.0,176.0
PARIS XVI - Magnificent reception apartment with all the charm of the old,3369565.0,1891.0,Apartments,2497.0,4764.0,5.0,3.0,4.0,75016,3099999.0,229.0
Paris 16th - Charming reception apartment just steps away from Avenue Foch.,3260870.0,1896.0,Apartments,2368.0,4679.0,6.0,3.0,4.0,75116,3000000.0,217.0
Apartment in Paris 16th - Foch,3260870.0,1896.0,Apartments,2378.0,2614.5196078431372,8.0,3.0,4.0,75016,3000000.0,218.0
Apartment in Paris 7th - Champ de Mars,3250000.0,1894.0,Apartments,1356.0,2614.5196078431372,5.0,4.0,2.0,75007,2990000.0,124.0
PARIS 8 - GOLDEN TRIANGLE / MONTAIGNE / PLACE FRANÃ‡OIS 1ST,3228261.0,1880.0,Apartments,1679.0,2614.5196078431372,5.0,3.0,4.0,75008,2970000.0,154.0
Appartement vue Tour Eiffel - Paris 16Ã¨me - TrocadÃ©ro,3206522.0,1909.0,Apartments,2357.0,2614.5196078431372,8.0,3.0,4.0,75016,2950000.0,216.0
Duplex en dernier Ã©tage de 211mÂ² refait par architecte,3206522.0,1912.0,Apartments,2271.0,2690.0,4.0,3.0,3.0,75011,2950000.0,208.0
Paris XVI- Ranelagh - Muette,3141304.0,1897.0,Apartments,1980.0,5380.0,6.0,3.0,4.0,75016,2889999.0,182.0
148 sq.m. renovated family flat - Paris 3rd - Square du Temple,3032609.0,1890.0,Apartments,1614.0,1739.0,5.0,3.0,4.0,75003,2790000.0,148.0
Rue des Saints-PÃ¨res - Elegant reception appartment,2934783.0,1870.0,Apartments,1377.0,2614.5196078431372,5.0,2.0,3.0,75006,2700000.0,126.0
Apartment in Paris 16th - Foch,2923913.0,1960.0,Apartments,1926.0,2614.5196078431372,5.0,3.0,3.0,75016,2689999.0,177.0
IÃ©na - Place des Ã‰tats-Unis,2882609.0,1970.0,Apartments,2357.0,5576.0,5.0,4.0,2.0,75016,2652000.0,216.0
Exceptional apartment with view onto private gardens,2853261.0,1800.0,Apartments,914.0,1922.0,2.0,1.0,2.0,75007,2625000.0,84.0
Paris 5 - Charming 1 bedroom pied-Ã -terre on courtyard and seine,2826087.0,1982.0,Apartments,1011.0,2614.5196078431372,5.0,1.0,2.0,75005,2600000.0,93.0
Apartment in Paris 5th - Notre-Dame / Ile de la CitÃ©,2739130.0,1763.0,Apartments,1065.0,3043.0,4.0,2.0,3.0,75005,2519999.0,97.0
Apartment with terrace in front of the Jardins du Luxembourg,2732609.0,1964.0,Apartments,1334.0,3393.0,5.0,1.0,4.0,75006,2514000.0,122.0
Family apartment on the last floor with terrace close to the Bon MarchÃ©,2717391.0,1919.0,Apartments,1474.0,2614.5196078431372,5.0,4.0,4.0,75007,2499999.0,135.0
Golden Triangle: three-bedroom apartment with luxurious renovation,2713043.0,1929.0,Apartments,1593.0,2614.5196078431372,5.0,3.0,3.0,75008,2495999.0,146.0
Paris 1st - Saint-Germain-l'Auxerrois. Reception apartment with stunning views.,2711957.0,1860.0,Apartments,1280.0,2743.0,4.0,2.0,2.0,75001,2495000.0,117.0
Atelier d'Artiste,2700000.0,1926.0,Single Family Homes,1829.0,2138.0,6.0,1.0,4.0,75014,2484000.0,168.0
Family apartment - 4 bedrooms - PARIS XVI,2695652.0,1956.0,Apartments,1872.0,3804.0,6.0,4.0,6.0,75016,2479999.0,172.0
Gros Caillou - Three bedrooms apartment with work.,2673913.0,1926.0,Apartments,1883.0,4283.0,6.0,4.0,3.0,75007,2459999.0,173.0
Family apartment - 4 bedrooms - PARIS XVI,2597826.0,1956.0,Apartments,1872.0,3804.0,6.0,4.0,6.0,75016,2389999.0,172.0
Paris 7th - Apartment 2 bedrooms,2586957.0,1840.0,Apartments,818.0,2614.5196078431372,5.0,2.0,4.0,75007,2380000.0,75.0
BEAUTIFUL FAMILY APARTMENT - OPEN VIEW,2554348.0,1930.0,Apartments,1679.0,4561.0,5.0,3.0,6.0,75016,2350000.0,154.0
Paris V - Magnificent apartment with all the charm of the old,2554348.0,1895.0,Apartments,1743.0,2978.0,5.0,4.0,3.0,75005,2350000.0,160.0
Paris 10Ã¨me - 5 piÃ¨ces 4 chambres de 170mÂ² refait Ã neuf,2500000.0,1890.0,Apartments,1840.0,1802.0,5.0,4.0,4.0,75010,2300000.0,169.0
Apartment in Paris 16th - TrocadÃ©ro,2478261.0,1957.0,Apartments,936.0,2614.5196078431372,3.0,1.0,2.0,75016,2280000.0,86.0
Magnifique appartement entiÃ¨rement rÃ©novÃ© rue de l'OdÃ©on,2467391.0,1890.0,Apartments,1130.0,1838.0,4.0,2.0,4.0,75006,2269999.0,103.0
Paris VII- EXCLUSIVITY - Family apartment rue de Verneuil,2445652.0,1760.0,Apartments,1399.0,2982.0,6.0,4.0,2.0,75007,2249999.0,128.0
Top floor - Eiffel Tower view,2445652.0,1894.0,Apartments,1915.0,2625.0,5.0,4.0,4.0,75015,2249999.0,176.0
Appartement familial et de rÃ©ception,2434783.0,1880.0,Apartments,1657.0,2614.5196078431372,5.0,3.0,5.0,75017,2240000.0,152.0
Paris 18th - Montmartre - Apartment with Garden Renovated by an Architect,2380435.0,1800.0,Apartments,947.0,1628.0,5.0,2.0,3.0,75018,2190000.0,87.0
Paris VII - SÃ©gur - top floor apartment in perfect condition,2380435.0,1890.0,Apartments,1345.0,2614.5196078431372,5.0,3.0,2.0,75007,2190000.0,123.0
Paris 8 - Madeleine - Beautiful and renovated 3 BR apartment with balcony,2380435.0,1830.0,Apartments,1614.0,2755.0,5.0,4.0,2.0,75008,2190000.0,148.0
Appartement familial 4 chambres - Vue dÃ©gagÃ©e,2369565.0,1900.0,Apartments,1883.0,2614.5196078431372,6.0,4.0,3.0,75010,2179999.0,173.0
Passy,2342391.0,1964.0,Apartments,1679.0,3796.0,5.0,3.0,5.0,75016,2154999.0,154.0
"Avenue Montaigne, Plaza AthÃ©nÃ©e, Pied-Ã -terre with two bedrooms.",2336957.0,1960.0,Apartments,828.0,1527.0,4.0,2.0,4.0,75008,2150000.0,76.0
Apartment in Paris 16th - Jasmin,2326087.0,1930.0,Apartments,2109.0,4022.0,6.0,4.0,4.0,75016,2140000.0,194.0
Apartment in Paris 16th - Place des Etats-Unis,2282609.0,1930.0,Apartments,2454.0,2614.5196078431372,5.0,4.0,3.0,75016,2100000.0,225.0
Paris 4th - Top floor apartment with panoramic terrace and monument views,2260870.0,1930.0,Apartments,1108.0,2251.0,4.0,2.0,1.0,75004,2080000.0,101.0
PARIS 16 - CHURCH OF AUTEUIL,2228261.0,1908.0,Apartments,1732.0,2614.5196078431372,6.0,3.0,3.0,75016,2050000.0,159.0
Apartment in Paris 11th - Bastille Popincourt / Charonne,2173913.0,1800.0,Apartments,2045.0,2614.5196078431372,5.0,4.0,4.0,75011,1999999.0,188.0
Loft-style apartment - MarchÃ© de LÃ©vis - Villiers - 2 Rooms,2163043.0,1900.0,Apartments,1582.0,1737.0,5.0,2.0,4.0,75017,1989999.0,145.0
Family apartment with terrace and balcony - Pereire-AmpÃ¨re,2163043.0,1898.0,Apartments,1593.0,2883.0,5.0,3.0,3.0,75017,1989999.0,146.0
Nice bright apartment on the last floors with balconies and unobstructed views.,2163043.0,1950.0,Apartments,1087.0,2893.0,4.0,2.0,4.0,75018,1989999.0,100.0
Charming duplex Saint Germain Des PrÃ©s center Paris,2163043.0,1800.0,Apartments,1184.0,2614.5196078431372,4.0,2.0,4.0,75007,1989999.0,108.0
Paris 18th - Montmartre - Apartment with Garden Renovated by an Architect,2163043.0,1800.0,Apartments,947.0,1628.0,3.0,2.0,3.0,75018,1989999.0,87.0
Apartment,2163043.0,1840.0,Apartments,1420.0,2614.5196078431372,5.0,3.0,3.0,75011,1989999.0,130.0
Apartment in Paris 16th - Dauphine,2146739.0,1960.0,Apartments,1485.0,2614.5196078431372,5.0,3.0,4.0,75016,1974999.0,136.0
Charming apartment with stunning views in Paris 5th.,2141304.0,1895.0,Apartments,1550.0,2614.5196078431372,4.0,2.0,2.0,75005,1969999.0,142.0
Paris 11. Loft de 170mÂ² avec terrasse,2141304.0,1983.0,Apartments,1829.0,2614.5196078431372,4.0,3.0,4.0,75011,1969999.0,168.0
Apartment,2086957.0,1890.0,Apartments,968.0,1555.0,5.0,2.0,2.0,75018,1920000.0,89.0
Apartment,2065217.0,1910.0,Apartments,1248.0,2712.0,8.0,3.0,2.0,75006,1899999.0,114.0
Paris 9 - 3 bedrooms apartment in the heart of the theater district,2059783.0,1880.0,Apartments,1582.0,2614.5196078431372,4.0,3.0,2.0,75009,1895000.0,145.0
Tuileries Garden / Place VendÃ´me - Beautiful Apartment,2054348.0,1840.0,Apartments,785.0,2614.5196078431372,2.0,1.0,2.0,75001,1890000.0,72.0
Passy - Kennedy : Beautiful apartment with views,2054348.0,1921.0,Apartments,1636.0,3891.0,5.0,3.0,3.0,75016,1890000.0,150.0
Apartment in Paris 9th - Avenue Fochot,2043478.0,1880.0,Apartments,1044.0,2614.5196078431372,5.0,1.0,2.0,75009,1879999.0,96.0
PARIS 15 - PENTHOUSE WITH TERRACES,2038043.0,1968.0,Apartments,1485.0,3374.0,5.0,3.0,4.0,75015,1874999.0,136.0
Paris 7th - 2 bedrooms - Gros caillou,2034783.0,1800.0,Apartments,968.0,2614.5196078431372,5.0,2.0,4.0,75007,1872000.0,89.0
Lovely renovated apartment with terrace in the heart of Paris.,2010870.0,1850.0,Apartments,1119.0,1348.0,5.0,2.0,4.0,75002,1850000.0,102.0
"PARIS 17, TRIUMPHAL ARCH",2010870.0,1880.0,Apartments,1517.0,3657.0,5.0,3.0,3.0,75017,1850000.0,139.0
Family apartment - 5 bedrooms - VILLAGE d'AUTEUIL - PARIS XVI,1956522.0,1954.0,Apartments,1732.0,3573.0,7.0,3.0,4.0,75016,1800000.0,159.0
Contemporary house on 3 levels - Paris 19th - Bolivar,1954348.0,1954.0,Single Family Homes,2690.0,2566.0,5.0,3.0,2.0,75019,1798000.0,247.0
Apartment in Paris 8th - Montaigne / FranÃ§ois 1er,1945652.0,1960.0,Apartments,914.0,2614.5196078431372,3.0,2.0,3.0,75008,1789999.0,84.0
3-room apartment - Paris 16th - Victor Hugo,1902174.0,1904.0,Apartments,1237.0,2614.5196078431372,3.0,2.0,2.0,75016,1750000.0,113.0
Paris 20th - Saint-Blaise - Superb loft with Gustave Eiffel glass roof.,1902174.0,1900.0,Apartments,2583.0,1227.0,5.0,2.0,4.0,75020,1750000.0,237.0
APPARTEMENT TRIANGLE D'OR - PARIS 8Ã¨me,1902174.0,1963.0,Apartments,602.0,1632.0,2.0,1.0,2.0,75008,1750000.0,55.0
Apartment in Paris 16th - Ranelagh,1891304.0,1910.0,Apartments,1313.0,2614.5196078431372,4.0,3.0,3.0,75016,1739999.0,120.0
Apartment in Paris 16th - Belles Feuilles / Victor Hugo,1885870.0,1963.0,Apartments,1453.0,2391.0,5.0,3.0,4.0,75016,1735000.0,133.0
Apartment for sale in Paris 15th - Seine,1842391.0,1976.0,Apartments,1463.0,2337.0,5.0,3.0,4.0,75015,1694999.0,134.0
Elegant 5 rooms - Paris XVI,1836957.0,1925.0,Apartments,1485.0,2614.5196078431372,5.0,2.0,3.0,75016,1690000.0,136.0
Perfect condition-Saint-Germain de PrÃ©s-Two bedrooms,1826087.0,1890.0,Apartments,861.0,2614.5196078431372,3.0,2.0,2.0,75005,1680000.0,79.0
Paris 12 - Daumesnil - Apartment with double terrace,1815217.0,1970.0,Apartments,1528.0,2541.0,4.0,2.0,3.0,75012,1669999.0,140.0
Sole Agent - Crossing apartment with balcony,1809783.0,1882.0,Apartments,1108.0,2009.0,5.0,2.0,4.0,75009,1665000.0,101.0
Rue du Bac : perfect renovated pied-Ã -terre.,1793478.0,1830.0,Apartments,796.0,2614.5196078431372,3.0,2.0,2.0,75007,1649999.0,73.0
High floor family apartment with balcony - Ternes/Maillot,1793478.0,1932.0,Apartments,1474.0,2979.0,5.0,3.0,2.0,75017,1649999.0,135.0
Paris 16 - Art Deco apartment,1788043.0,1950.0,Apartments,1614.0,2113.0,5.0,3.0,5.0,75016,1644999.0,148.0
Paris 8th - Golden Triangle - Luxurious apartment with terraces,1760870.0,1984.0,Apartments,1044.0,2293.0,3.0,2.0,2.0,75008,1620000.0,96.0
Perfect Pied-Ã -terre / Rive Gauche,1739130.0,1910.0,Apartments,979.0,1534.0,4.0,2.0,2.0,75007,1599999.0,90.0
Family apartment to renovate - Porte Maillo,1739130.0,1970.0,Apartments,1367.0,2875.0,5.0,3.0,2.0,75116,1599999.0,125.0
Paris 9 - Appartement 4 piÃ¨ces 3 chambres de 125mÂ²,1739130.0,1880.0,Apartments,1345.0,2614.5196078431372,4.0,3.0,3.0,75009,1599999.0,123.0
Place VendÃ´me perfect pied-Ã -terre,1738043.0,1833.0,Apartments,914.0,2550.0,3.0,2.0,1.0,75001,1598999.0,84.0
Paris 6 - rue Vavin-jardin du Luxembourg,1728261.0,1900.0,Apartments,1044.0,2614.5196078431372,5.0,3.0,2.0,75006,1590000.0,96.0
"Superb pied-Ã -terre on avenue d'IÃ©na to renovate, Paris XVI.",1728261.0,1940.0,Apartments,1453.0,2614.5196078431372,3.0,1.0,4.0,75016,1590000.0,133.0
PARIS 8TH - Saint Augustin,1717391.0,1890.0,Apartments,1410.0,2565.0,5.0,3.0,3.0,75008,1579999.0,129.0
Paris 9 - Place Saint Georges - elegant apartment like a boutique hÃ´tel suite,1684783.0,1840.0,Apartments,1162.0,2614.5196078431372,5.0,1.0,2.0,75009,1550000.0,106.0
Apartment for sale in Paris 3rd arr. - rue des Tournelles.,1663043.0,1855.0,Apartments,1388.0,1821.0,5.0,3.0,2.0,75003,1529999.0,127.0
Paris 16 - Family apartment with terrace,1652174.0,1969.0,Apartments,1829.0,1654.0,7.0,4.0,5.0,75016,1520000.0,168.0
Apartment in Paris 2nd - Place des Victoires,1652174.0,1870.0,Apartments,1119.0,2614.5196078431372,5.0,3.0,2.0,75002,1520000.0,102.0
Appartement de rÃ©ception avenue de la Grande ArmÃ©e,1625000.0,1887.0,Apartments,1399.0,2614.5196078431372,3.0,1.0,2.0,75017,1495000.0,128.0
Familial apartment- 75017/Niel,1619565.0,1881.0,Apartments,1539.0,3365.0,6.0,4.0,3.0,75017,1489999.0,141.0
Appartement familial - Vue dÃ©gagÃ©e - Paris XVI,1619565.0,1960.0,Apartments,1356.0,2614.5196078431372,5.0,3.0,3.0,75016,1489999.0,124.0
Renovated and bright top floor apartment with a view of Les Invalides,1608696.0,1900.0,Apartments,1130.0,2614.5196078431372,5.0,2.0,2.0,75007,1480000.0,103.0
Paris VIe - Saint Sulpice,1608696.0,1850.0,Apartments,839.0,2614.5196078431372,5.0,3.0,2.0,75006,1480000.0,77.0
Paris 18 - Amazing apartment with a private garden in the heart of Montmartre,1597826.0,1960.0,Apartments,775.0,1452.0,4.0,2.0,1.0,75018,1469999.0,71.0
Apartment,1597826.0,1880.0,Apartments,1022.0,2432.0,3.0,2.0,3.0,75017,1469999.0,94.0
Apartment,1576087.0,1935.0,Apartments,1076.0,1812.0,5.0,2.0,2.0,75009,1450000.0,98.0
Open-plan family flat - Vaugirard - Paris 15th,1576087.0,1914.0,Apartments,1420.0,2614.5196078431372,5.0,3.0,2.0,75015,1450000.0,130.0
Victor Hugo/rue de la Pompe,1510870.0,1900.0,Apartments,957.0,2350.0,5.0,2.0,2.0,75016,1390000.0,88.0
Family duplex - Paris 4th - Rambuteau district,1510870.0,1800.0,Duplex Homes,1367.0,932.0,5.0,4.0,2.0,75004,1390000.0,125.0
EXCLUSIVITÃ‰ - Paris 1er - Louvre /Rivoli - Charmant appartement Familial,1510870.0,1800.0,Apartments,1162.0,2614.5196078431372,5.0,4.0,3.0,75001,1390000.0,106.0
Paris 7 - Gros Caillou/Saint Dominique,1510870.0,1920.0,Apartments,990.0,1249.0,5.0,2.0,2.0,75007,1390000.0,91.0
PARIS XVI - Family apartment - 4 bedrooms,1510870.0,1931.0,Apartments,1636.0,4582.0,6.0,4.0,5.0,75016,1390000.0,150.0
Paris XVI - La Fontaine - Castel BÃ©ranger,1500000.0,1898.0,Apartments,904.0,2614.5196078431372,4.0,1.0,2.0,75016,1380000.0,83.0
Appartement vue dÃ©gagÃ©e,1494565.0,1956.0,Apartments,1280.0,2614.5196078431372,5.0,2.0,2.0,75016,1374999.0,117.0
Apartment,1478261.0,1880.0,Apartments,613.0,1336.0,5.0,2.0,2.0,75006,1360000.0,56.0
Apartment,1478261.0,1880.0,Apartments,613.0,1336.0,5.0,1.0,2.0,75006,1360000.0,56.0
Pereire / Batignolles,1472826.0,1930.0,Apartments,1388.0,2476.0,5.0,2.0,3.0,75017,1354999.0,127.0
Garden level in a building with swimming pool.,1467391.0,1780.0,Apartments,473.0,890.0,2.0,1.0,2.0,75007,1349999.0,43.0
Magnificent renovated 2-room apartment - Eiffel Tower view - Gros Caillou,1467391.0,1881.0,Apartments,548.0,1087.0,5.0,1.0,1.0,75007,1349999.0,50.0
Duplex,1466304.0,2021.0,Duplex Homes,828.0,1710.0,4.0,2.0,3.0,75012,1348999.0,76.0
PARIS - GROS CAILLOUX - EIFFEL TOWER,1413043.0,1898.0,Apartments,807.0,1571.0,3.0,2.0,2.0,75007,1299999.0,74.0
Saint Thomas d'Aquin - Appartement avec vue et balcon.,1407609.0,1932.0,Apartments,710.0,1534.0,5.0,1.0,2.0,75007,1295000.0,65.0
Paris 7 - Bon marchÃ© - 2 bedrooms,1402174.0,1880.0,Apartments,796.0,2114.0,5.0,2.0,2.0,75007,1290000.0,73.0
Paris XVI- Flandrin - exceptional 'Pied Ã terre',1402174.0,1907.0,Apartments,656.0,2614.5196078431372,2.0,1.0,2.0,75116,1290000.0,60.0
Paris II - Contemporary apartment with open views on a high floor,1402174.0,1870.0,Apartments,1097.0,1130.0,5.0,3.0,3.0,75002,1290000.0,100.0
Paris IX - Charming apartment on a high floor with a large long balcony,1380435.0,1966.0,Apartments,1097.0,1484.0,5.0,2.0,4.0,75009,1270000.0,100.0
Paris 7th - Gros Caillou - 1 Bedroom,1369565.0,1949.0,Apartments,538.0,2614.5196078431372,2.0,1.0,2.0,75007,1259999.0,49.0
Paris 16th Victor Hugo,1358696.0,1870.0,Apartments,1162.0,2616.0,5.0,3.0,1.0,75016,1250000.0,106.0
Place Saint-Georges / Rue des Martyrs - Bright 2 bedrooms apartment,1342391.0,1860.0,Apartments,1033.0,2614.5196078431372,5.0,2.0,1.0,75009,1234999.0,95.0
Apartment,1342391.0,1830.0,Apartments,1022.0,1308.0,5.0,2.0,3.0,75003,1234999.0,94.0
Beautiful 3-room apartment with balcony - Hoche / Monceau,1304348.0,1935.0,Apartments,828.0,2030.0,3.0,1.0,2.0,75008,1200000.0,76.0
Garden flat with gardens and terraces - Paris 12th - Daumesnil,1304348.0,2006.0,Apartments,1399.0,2180.0,5.0,3.0,4.0,75012,1200000.0,128.0
Appartement terrasse - Village d' Auteuil Ã PARIS XVI,1293478.0,2004.0,Apartments,850.0,1775.0,5.0,1.0,2.0,75016,1189999.0,78.0
PARIS - SAINT GERMAIN DES PRES,1293478.0,1800.0,Apartments,516.0,2614.5196078431372,2.0,1.0,2.0,75006,1189999.0,47.0
Appartement terrasse - Village d' Auteuil Ã PARIS XVI,1293478.0,2004.0,Apartments,850.0,1775.0,5.0,1.0,2.0,75016,1189999.0,78.0
Paris XVI - Muette : Entirely renovated elegant and modern apartment,1267391.0,1952.0,Apartments,968.0,1971.0,5.0,2.0,3.0,75016,1165999.0,89.0
Paris 16 - Duplex dernier Ã©tage avec terrasse de plain pied et vue Tour Eiffel -,1250000.0,1962.0,Apartments,1076.0,2614.5196078431372,4.0,2.0,2.0,75016,1150000.0,98.0
Paris 11 - Chemin Vert,1250000.0,1850.0,Apartments,947.0,2614.5196078431372,5.0,2.0,3.0,75011,1150000.0,87.0
Perfect pied-Ã -terre close to Rue Cler Market,1250000.0,1890.0,Apartments,667.0,2614.5196078431372,3.0,2.0,3.0,75007,1150000.0,61.0
Paris 6 - St Germain des PrÃ¨s - Pied-Ã -terre rÃ©novÃ© - 2 Chambres,1239130.0,1949.0,Apartments,688.0,2314.0,5.0,2.0,2.0,75006,1139999.0,63.0
Paris 6th - Saint-Germain-des-PrÃ©s / Rue Bonaparte,1217391.0,1993.0,Apartments,667.0,1722.0,5.0,1.0,2.0,75006,1119999.0,61.0
DERNIER ETAGE - VUE TOUS MONUMENTS,1201087.0,1955.0,Apartments,882.0,2045.0,4.0,2.0,2.0,75016,1105000.0,81.0
Apartment,1195652.0,1900.0,Apartments,807.0,2614.5196078431372,3.0,2.0,2.0,75016,1099999.0,74.0
Paris XVIII- Triplex avec Terrasse,1184783.0,1930.0,Apartments,1001.0,1355.0,5.0,3.0,2.0,75018,1090000.0,92.0
Paris XVI - Victor Hugo Foch - perfect 'Pied Ã terre',1152174.0,1974.0,Apartments,656.0,2614.5196078431372,2.0,1.0,3.0,75116,1060000.0,60.0
MarchÃ© Ordener - Villa Montcalm,1135870.0,1930.0,Apartments,1076.0,1304.0,5.0,3.0,2.0,75018,1045000.0,98.0
Apartment,1086957.0,1989.0,Apartments,613.0,1723.0,5.0,1.0,2.0,75007,1000000.0,56.0
"Village Faidherbe, mixed-use workshop-loft rehabilitated into 4 rooms.",1081522.0,1890.0,Apartments,957.0,2614.5196078431372,4.0,2.0,2.0,75011,995000.0,88.0
Exelmans- Rue de Civry-Rue de Varize. Beautiful family apartment for sale,1081522.0,1960.0,Apartments,1140.0,1888.0,5.0,3.0,3.0,75016,995000.0,104.0
Apartment,1076087.0,1850.0,Apartments,699.0,805.0,3.0,2.0,2.0,75003,990000.0,64.0
CafÃ© de Flore-Eglise Saint-Germain,1065217.0,1999.0,Apartments,667.0,2614.5196078431372,5.0,1.0,2.0,75006,979999.0,61.0
"Saint Thomas d'Aquin, bright and calm pied-Ã -terre.",1065217.0,1880.0,Apartments,538.0,2614.5196078431372,2.0,1.0,2.0,75007,979999.0,49.0
Duplex,1043478.0,1800.0,Apartments,785.0,918.0,5.0,3.0,4.0,75004,959999.0,72.0
APPARTEMENT FAMILIAL ENSOLEILLE - BALCON ET VUE DEGAGEE,1032609.0,1959.0,Apartments,807.0,1413.0,4.0,3.0,2.0,75016,950000.0,74.0
Paris 8th - Avenue des Champs ElysÃ©es,1027174.0,1971.0,Apartments,624.0,2614.5196078431372,2.0,1.0,2.0,75008,945000.0,57.0
Apartment,1010870.0,1860.0,Apartments,667.0,984.0,3.0,2.0,2.0,75002,930000.0,61.0
Paris IX Charming apartment with balcony and unobstructed views,994565.0,1900.0,Apartments,688.0,1003.0,5.0,2.0,3.0,75009,914999.0,63.0
Jasmine-Mozart - Beautiful apartment of 90.74 sq.m,978261.0,1953.0,Apartments,979.0,2253.0,5.0,2.0,1.0,75016,900000.0,90.0
Paris 14 / Montparnasse. 4 piÃ¨ces 3 chambres au 17Ã¨me et dernier Ã©tage,977174.0,1966.0,Apartments,904.0,822.0,5.0,2.0,2.0,75014,899000.0,83.0
Paris XI - EXCLUSIVITY - Magnificent renovated apartment with a large terrace,977174.0,2002.0,Apartments,688.0,2614.5196078431372,5.0,1.0,2.0,75011,899000.0,63.0
Magnificent newly renovated loft - Jules Joffrin,961957.0,2015.0,Apartments,699.0,1267.0,5.0,2.0,2.0,75018,885000.0,64.0
Apartment in Paris 15th - Beaugrenelle,961957.0,1963.0,Apartments,430.0,1203.0,1.0,1.0,1.0,75015,885000.0,39.0
Charming Haussmannian apartment,956522.0,1890.0,Apartments,645.0,2614.5196078431372,4.0,2.0,1.0,75005,880000.0,59.0
Ã‰cole Militaire,950000.0,1942.0,Apartments,624.0,1529.0,5.0,1.0,2.0,75007,874000.0,57.0
Apartment,923913.0,1820.0,Apartments,968.0,434.0,5.0,2.0,2.0,75009,849999.0,89.0
ExclusivitÃ© 3 piÃ¨ces 2 chambres de 67mÂ² carrez et Jardin de 180mÂ²,913043.0,1975.0,Apartments,2669.0,2614.5196078431372,3.0,2.0,2.0,75020,839999.0,245.0
9th and top floor with 180Â° terrace overlooking Paris,869565.0,1972.0,Apartments,904.0,1812.0,4.0,2.0,2.0,75020,799999.0,83.0
Charming 3-room apartment with balcony - Saint Ferdinand - Paris 17th,869565.0,1925.0,Apartments,721.0,2614.5196078431372,3.0,1.0,2.0,75017,799999.0,66.0
Appartement 2 chambres Place des Vosges,847826.0,1780.0,Apartments,688.0,1571.0,3.0,2.0,1.0,75004,779999.0,63.0
Appartement familial - Paris XVI,847826.0,1968.0,Apartments,753.0,963.0,3.0,2.0,3.0,75016,779999.0,69.0
Apartment,846739.0,1800.0,Apartments,559.0,2614.5196078431372,2.0,1.0,1.0,75003,778999.0,51.0
3 rooms renovated - Villiers/Batignolles,815217.0,1990.0,Apartments,731.0,1522.0,3.0,2.0,1.0,75017,749999.0,67.0
Paris 2nd - Montorgueil - Elegant pied-Ã -terre renovated in a private mansion,815217.0,1770.0,Apartments,344.0,674.0,2.0,1.0,1.0,75002,749999.0,31.0
Flat with a view over the roofs of Paris - Paris 4th - Saint-Paul,815217.0,1875.0,Apartments,592.0,2614.5196078431372,3.0,1.0,2.0,75004,749999.0,54.0
Apartment,814130.0,1920.0,Apartments,775.0,1402.0,3.0,2.0,2.0,75015,748999.0,71.0
Apartment in Paris 5th - Notre Dame,809783.0,1763.0,Apartments,548.0,2614.5196078431372,2.0,1.0,2.0,75005,745000.0,50.0
Apartment in Paris 16th - Ranelagh,804348.0,1900.0,Apartments,678.0,2614.5196078431372,2.0,1.0,1.0,75016,740000.0,62.0
Montmartre : A two-room apartment with spectacular view on the SacrÃ©-Coeur,798913.0,1880.0,Apartments,462.0,933.0,5.0,1.0,1.0,75018,734999.0,42.0
3-room apartment overlooking Paris,782609.0,1972.0,Apartments,775.0,2614.5196078431372,3.0,1.0,1.0,75013,720000.0,71.0
Paris 3rd - Place des Vosges. Charming studio with balcony.,755435.0,1830.0,Apartments,592.0,492.0,1.0,3.0,1.0,75003,695000.0,54.0
Paris XVIII - Abbesses / Martyrs,717391.0,1880.0,Apartments,527.0,796.0,5.0,1.0,1.0,75018,659999.0,48.0
Charming 3-room apartment in excellent condition - Legendre/Epinettes,701087.0,1880.0,Apartments,592.0,2614.5196078431372,3.0,1.0,1.0,75017,645000.0,54.0
Charming 3-room apartment with balcony - marchÃ© Poncelet,701087.0,1850.0,Apartments,592.0,1323.0,3.0,1.0,1.0,75017,645000.0,54.0
Service spacious rooms to renovate - Rue de Grenelle,641304.0,1900.0,Apartments,592.0,2614.5196078431372,5.0,2.0,1.0,75007,589999.0,54.0
Renovated flat with open view - Paris 4th - Marais,635870.0,1860.0,Apartments,452.0,465.0,2.0,1.0,1.0,75004,585000.0,41.0
Saint-Germain-des-PrÃ©s,608696.0,1800.0,Apartments,312.0,2614.5196078431372,5.0,1.0,2.0,75006,560000.0,28.0
Saint-Germain-des-PrÃ©s,608696.0,1800.0,Apartments,312.0,641.0,5.0,1.0,2.0,75006,560000.0,28.0
"PARIS 17, MONCEAU PARK",597826.0,1900.0,Apartments,473.0,2614.5196078431372,5.0,1.0,2.0,75017,549999.0,43.0
House,596739.0,1880.0,Single Family Homes,441.0,635.0,5.0,1.0,2.0,75003,548999.0,40.0
Perfect Pied-Ã -terre in front of the Jardins du Luxembourg,576087.0,1964.0,Apartments,441.0,1274.0,5.0,1.0,2.0,75006,530000.0,40.0
Apartment,357609.0,1800.0,Apartments,236.0,2614.5196078431372,1.0,3.0,1.0,75003,329000.0,21.0
Paris 16th District - An ideal pied a terre,750000.0,1950.0,Apartments,591.16,2614.5196078431372,5.0,1.0,1.0,75016,690000.0,54.0
Paris 8th District - A perfect pied a terre,750000.0,1830.0,Apartments,432.82,2614.5196078431372,5.0,1.0,1.0,75008,690000.0,39.0
Paris 1st District - An ideal pied a terre,750000.0,1810.0,Apartments,366.94,2614.5196078431372,5.0,1.0,1.0,75001,690000.0,33.0
Paris 16th District - An ideal pied a terre,755435.0,1910.0,Apartments,538.2,2614.5196078431372,5.0,1.0,1.0,75016,695000.0,49.0
Paris 7th District - An ideal pied a terre,782609.0,1850.0,Apartments,519.79,2614.5196078431372,5.0,2.0,1.0,75007,720000.0,47.0
Paris 7th District - An ideal pied a terre,788043.0,1989.0,Apartments,527.44,2614.5196078431372,5.0,1.0,1.0,75007,724999.0,48.0
Paris 14th District - An ideal pied a terre,793478.0,1971.0,Apartments,653.59,2614.5196078431372,5.0,1.0,0.0,75016,729999.0,60.0
PARIS 5th district on Quai Saint Michel,809783.0,1700.0,Apartments,559.94,2614.5196078431372,5.0,1.0,1.0,75005,745000.0,51.0
Paris 7th District - An ideal pied a terre,826087.0,1900.0,Apartments,560.05,2614.5196078431372,5.0,1.0,1.0,75007,760000.0,51.0
Paris 16th District - A bright 2-bed apartment,858696.0,1962.0,Apartments,719.25,2614.5196078431372,5.0,2.0,1.0,75016,790000.0,66.0
Paris 6th District - A delightful pied a terre,858696.0,1900.0,Apartments,580.18,2614.5196078431372,5.0,1.0,1.0,75006,790000.0,53.0
Paris 15th District - An ideal pied a terre,867391.0,1929.0,Apartments,520.12,2614.5196078431372,5.0,2.0,1.0,75007,797999.0,47.0
Paris 15th District - An ideal pied a terre,880435.0,1995.0,Apartments,793.31,2614.5196078431372,5.0,2.0,1.0,75015,810000.0,72.0
Paris 16th District - An ideal pied a terre,896739.0,1900.0,Apartments,555.64,2614.5196078431372,5.0,1.0,1.0,75016,824999.0,51.0
Paris 6th District - An ideal pied a terre,896739.0,1610.0,Apartments,553.92,2614.5196078431372,5.0,1.0,1.0,75006,824999.0,50.0
Paris 6th District - A superb pied a terre with a garden,898913.0,1930.0,Apartments,339.07,2614.5196078431372,5.0,1.0,1.0,75006,826999.0,31.0
Paris 17th District - A bright 3-room apartment,902174.0,1955.0,Apartments,729.8,2614.5196078431372,5.0,2.0,1.0,75017,830000.0,67.0
Paris 6th District - A renovated pied a terre,908696.0,1850.0,Apartments,473.62,2614.5196078431372,5.0,1.0,1.0,75006,836000.0,43.0
Paris 6th District - An ideal pied a terre,918478.0,1998.0,Apartments,476.31,2614.5196078431372,5.0,1.0,1.0,75006,844999.0,43.0
Paris 16th District - A 2-bed apartment with two terraces,923913.0,1950.0,Apartments,793.52,2614.5196078431372,5.0,2.0,1.0,75016,849999.0,73.0
Paris 18th District - An ideal pied a terre,923913.0,1907.0,Apartments,684.7,2614.5196078431372,5.0,2.0,1.0,75018,849999.0,62.0
Paris 7th District - An ideal pied a terre,940217.0,1890.0,Apartments,691.26,2614.5196078431372,5.0,1.0,1.0,75007,864999.0,63.0
Paris 7th District - An ideal pied a terre,945652.0,1904.0,Apartments,839.59,2614.5196078431372,5.0,1.0,1.0,75015,869999.0,77.0
Paris 12th District - An elegant pied a terre,945652.0,1900.0,Apartments,1001.59,2614.5196078431372,5.0,1.0,1.0,75012,869999.0,92.0
Paris 6th District - An ideal pied a terre,951087.0,1730.0,Apartments,484.38,2614.5196078431372,5.0,1.0,1.0,75006,875000.0,44.0
Paris 9th District - An ideal pied a terre,956522.0,1880.0,Apartments,726.68,2614.5196078431372,5.0,2.0,1.0,75009,880000.0,66.0
Paris 9th District - An ideal pied a terre,967391.0,1840.0,Apartments,733.24,2614.5196078431372,5.0,2.0,1.0,75009,889999.0,67.0
Paris 6th District Top floor with a terrace.,970109.0,1730.0,Apartments,496.44,2614.5196078431372,5.0,1.0,1.0,75006,892500.0,45.0
Paris 4th District - A charming pied a terre,970652.0,1750.0,Apartments,678.35,2614.5196078431372,5.0,1.0,1.0,75004,892999.0,62.0
Paris 4th District - An ideal pied a terre,972826.0,1828.0,Apartments,646.59,2614.5196078431372,5.0,2.0,1.0,75004,894999.0,59.0
Paris 9th District - An ideal pied a terre,994565.0,1998.0,Apartments,733.03,2614.5196078431372,5.0,2.0,1.0,75009,914999.0,67.0
Paris 16th District - A 2-bed apartment in mint condition,1008696.0,1989.0,Apartments,945.08,2614.5196078431372,5.0,2.0,1.0,75016,928000.0,86.0
Paris 17th District - An atypical 3-bed apartment,1010870.0,1880.0,Apartments,799.55,2614.5196078431372,5.0,3.0,2.0,75017,930000.0,73.0
Paris 6th District - An ideal pied a terre,1021739.0,1930.0,Apartments,656.6,2614.5196078431372,5.0,1.0,1.0,75006,939999.0,60.0
"Paris,ÃŽle-de-France,France",1021739.0,1970.0,Apartments,678.35,2614.5196078431372,5.0,2.0,1.0,75016,939999.0,62.0
Paris 20th District - A bright and peaceful 2-bed apartment,1027174.0,1970.0,Apartments,813.0,2614.5196078431372,5.0,2.0,1.0,75020,945000.0,74.0
Paris 16th District - A 3-bed family apartment,1027174.0,1961.0,Apartments,975.11,2614.5196078431372,5.0,3.0,2.0,75016,945000.0,89.0
Paris 16th District - An elegant pied a terre,1027174.0,1904.0,Apartments,973.28,2614.5196078431372,5.0,2.0,1.0,75016,945000.0,89.0
Paris 16th District - A sunny 3-bed apartment,1032609.0,1959.0,Apartments,800.84,2614.5196078431372,5.0,3.0,1.0,75016,950000.0,73.0
Paris 6th District - An ideal pied a terre,1032609.0,1890.0,Apartments,552.41,2614.5196078431372,5.0,1.0,1.0,75006,950000.0,50.0
Paris 17th District - A bright 2-bed apartment,1032609.0,1970.0,Apartments,839.59,2614.5196078431372,5.0,2.0,1.0,75017,950000.0,77.0
Paris 16th District - A delightful pied a terre,1032609.0,1890.0,Apartments,581.26,2614.5196078431372,5.0,1.0,1.0,75016,950000.0,53.0
Paris 9th District - An ideal pied a terre,1054348.0,1998.0,Apartments,827.75,2614.5196078431372,5.0,2.0,1.0,75009,970000.0,76.0
"Paris 6th District - Saint-Germain-des-PrÃ©s, one bedroom flat in perfect condition.",1059783.0,1800.0,Apartments,472.86,2614.5196078431372,5.0,1.0,1.0,75006,975000.0,43.0
Paris 15th District - A 2-bed apartment commanding panoramic views,1065217.0,1970.0,Apartments,1054.87,2614.5196078431372,5.0,2.0,1.0,75015,979999.0,97.0
Paris 16th District - An ideal pied a terre,1065217.0,2001.0,Apartments,796.54,2614.5196078431372,5.0,2.0,0.0,75016,979999.0,73.0
Paris 7th District - An ideal pied a terre,1065217.0,1863.0,Apartments,531.1,2614.5196078431372,5.0,1.0,1.0,75007,979999.0,48.0
Paris 4th District - An ideal pied a terre in a prime location,1076087.0,1800.0,Apartments,674.15,2614.5196078431372,5.0,1.0,1.0,75004,990000.0,62.0
Paris 16th District - A 3-bd apartment,1076087.0,1979.0,Apartments,1085.98,2614.5196078431372,5.0,3.0,2.0,75016,990000.0,99.0
Paris 9th District - A 2/3 bed apartment enjoying open views,1076087.0,1885.0,Apartments,962.3,2614.5196078431372,5.0,2.0,1.0,75009,990000.0,88.0
Paris 17th District - A remarkable pied a terre,1081522.0,1890.0,Apartments,758.0,2614.5196078431372,5.0,1.0,1.0,75017,995000.0,69.0
Paris 1st District - An ideal pied a terre,1081522.0,1750.0,Apartments,746.7,2614.5196078431372,5.0,2.0,2.0,75001,995000.0,68.0
Paris 1st District - An ideal pied a terre,1083696.0,1800.0,Apartments,711.07,2614.5196078431372,5.0,1.0,1.0,75001,997000.0,65.0
Paris 7th District - An ideal pied a terre,1084239.0,1800.0,Apartments,494.71,2614.5196078431372,5.0,1.0,1.0,75007,997499.0,45.0
Paris 7th District - An ideal pied a terre,1086957.0,1989.0,Apartments,614.19,2614.5196078431372,5.0,1.0,1.0,75007,1000000.0,56.0
Paris 3rd District - A 67 sqm apartment to revamp,1095652.0,1750.0,Apartments,702.89,2614.5196078431372,5.0,1.0,1.0,75003,1007999.0,64.0
Paris 4th District - Two apartments with great potential,1108696.0,1650.0,Apartments,793.95,2614.5196078431372,5.0,2.0,3.0,75004,1020000.0,73.0
Paris 18th District - A 2-bed apartment enjoying an open view,1108696.0,1954.0,Apartments,835.93,2614.5196078431372,5.0,2.0,1.0,75018,1020000.0,76.0
Paris 5th District - A 2/3 bed apartment,1114130.0,1900.0,Apartments,840.02,2614.5196078431372,5.0,2.0,2.0,75005,1024999.0,77.0
Paris 5th District - A renovated 2-bed apartment,1125000.0,1890.0,Apartments,679.32,2614.5196078431372,5.0,2.0,0.0,75005,1035000.0,62.0
Paris 16th District - An ideal pied a terre,1130435.0,1959.0,Apartments,848.2,2614.5196078431372,5.0,1.0,1.0,75016,1040000.0,78.0
"Paris,ÃŽle-de-France,France",1130435.0,1995.0,Apartments,764.24,2614.5196078431372,5.0,2.0,2.0,75016,1040000.0,70.0
Paris 13th District - An ideal pied a terre,1141304.0,1900.0,Apartments,1014.94,2614.5196078431372,5.0,2.0,1.0,75013,1049999.0,93.0
Paris 4th District - A bright and elegant pied a terre,1141304.0,1880.0,Apartments,788.46,2614.5196078431372,5.0,1.0,1.0,75004,1049999.0,72.0
Paris 16th District - An ideal pied a terre,1141304.0,1880.0,Apartments,678.13,2614.5196078431372,5.0,2.0,0.0,75016,1049999.0,62.0
Paris 7th District - A renovated pied a terre,1141304.0,1897.0,Apartments,507.95,2614.5196078431372,5.0,1.0,1.0,75007,1049999.0,46.0
Paris 4th District - An ideal pied a terre,1141304.0,1785.0,Apartments,710.42,2614.5196078431372,5.0,2.0,2.0,75004,1049999.0,65.0
Paris 7th District - An ideal pied a terre,1152174.0,1800.0,Apartments,809.24,2614.5196078431372,5.0,2.0,1.0,75007,1060000.0,74.0
Paris XVIIe - MarchÃ© Lebon.,1163043.0,1911.0,Apartments,1047.12,2614.5196078431372,5.0,2.0,2.0,75017,1069999.0,96.0
Paris 6th District - An ideal pied a terre,1173913.0,1891.0,Apartments,678.13,2614.5196078431372,5.0,2.0,1.0,75006,1079999.0,62.0
Paris 16th District - A pied a terre with a terrace,1184783.0,2004.0,Apartments,771.35,2614.5196078431372,5.0,1.0,1.0,75016,1090000.0,70.0
Paris 4th District - A superb pied a terre,1195652.0,1637.0,Apartments,632.49,2614.5196078431372,5.0,1.0,1.0,75004,1099999.0,58.0
Paris 7th District - An ideal pied a terre,1195652.0,1905.0,Apartments,615.81,2614.5196078431372,5.0,1.0,1.0,75007,1099999.0,56.0
Paris 7th District - An ideal pied a terre,1195652.0,1920.0,Apartments,638.09,2614.5196078431372,5.0,2.0,1.0,75007,1099999.0,58.0
Paris 4th District - A superb pied a terre,1195652.0,1637.0,Apartments,632.49,2614.5196078431372,5.0,1.0,1.0,75004,1099999.0,58.0
Paris 7th District - An ideal pied a terre,1195652.0,1905.0,Apartments,615.81,2614.5196078431372,5.0,1.0,1.0,75007,1099999.0,56.0
Paris 6th District - An ideal pied a terre,1195652.0,1930.0,Apartments,497.3,2614.5196078431372,5.0,1.0,1.0,75006,1099999.0,45.0
Paris 17th District - An ideal pied a terre,1195652.0,1850.0,Apartments,667.37,2614.5196078431372,5.0,1.0,1.0,75017,1099999.0,61.0
Paris 7th District - An ideal pied a terre,1195652.0,1920.0,Apartments,638.09,2614.5196078431372,5.0,2.0,1.0,75007,1099999.0,58.0
Paris 16th District - A 3-bed dual-aspect apartment,1195652.0,1970.0,Apartments,1261.33,2614.5196078431372,5.0,3.0,2.0,75016,1099999.0,116.0
Paris 6th District - An ideal pied Ã terre in Saint-Germain-des-PrÃ©s,1217391.0,1994.0,Apartments,678.13,2614.5196078431372,5.0,1.0,0.0,75006,1119999.0,62.0
Paris 7th District - A 2-bed apartment with balconies,1222826.0,1964.0,Apartments,807.3,2614.5196078431372,5.0,2.0,1.0,75007,1124999.0,74.0
Paris 15th District - An ideal pied a terre,1228261.0,1995.0,Apartments,1131.3,2614.5196078431372,5.0,3.0,1.0,75015,1130000.0,104.0
Paris 16th District - A 3-bed family apartment,1239130.0,1900.0,Apartments,1254.44,2614.5196078431372,5.0,3.0,2.0,75016,1139999.0,115.0
Paris 18th District - Great potential in a prime location,1244565.0,1955.0,Apartments,883.72,2614.5196078431372,5.0,2.0,1.0,75018,1144999.0,81.0
Paris 16th District - A perfect pied a terre,1250000.0,1934.0,Apartments,365.98,2614.5196078431372,5.0,1.0,0.0,75016,1150000.0,33.0
Paris 12th District - A bright and peaceful 3-bed apartment,1250000.0,1896.0,Apartments,1054.87,2614.5196078431372,5.0,3.0,1.0,75012,1150000.0,97.0
Paris 1st District - An ideal pied a terre,1250000.0,1700.0,Apartments,894.17,2614.5196078431372,5.0,2.0,2.0,75001,1150000.0,82.0
Paris 4th District - A delightful pied a terre,1282609.0,1700.0,Apartments,630.77,2614.5196078431372,5.0,2.0,2.0,75004,1180000.0,58.0
PParis 4th District - A delightful pied a terre oozing with charm,1282609.0,1650.0,Apartments,709.89,2614.5196078431372,5.0,1.0,1.0,75004,1180000.0,65.0
Paris 17th District - A sunny 2/3 bed apartment,1282609.0,1990.0,Apartments,1195.13,2614.5196078431372,5.0,3.0,2.0,75017,1180000.0,109.0
Paris 13th District - A 3-bed apartment with a balcony,1282609.0,1980.0,Apartments,1087.16,2614.5196078431372,5.0,3.0,0.0,75013,1180000.0,100.0
Paris 4th District - An ideal pied a terre,1293478.0,1880.0,Apartments,1004.28,2614.5196078431372,5.0,1.0,1.0,75004,1189999.0,92.0
Paris 6th District - A perfect pied a terre,1293478.0,1800.0,Apartments,386.86,2614.5196078431372,5.0,1.0,1.0,75006,1189999.0,35.0
Paris 4th District - An ideal pied a terre,1347826.0,1900.0,Apartments,654.77,2614.5196078431372,5.0,2.0,2.0,75004,1239999.0,60.0
Paris 16th District - A 2/3 bed apartment,1357609.0,1880.0,Apartments,940.02,2614.5196078431372,5.0,2.0,0.0,75016,1249000.0,86.0
"Paris,ÃŽle-de-France,France",1357609.0,1920.0,Apartments,1066.07,2614.5196078431372,5.0,3.0,2.0,75016,1249000.0,98.0
Paris 7th District - An ideal pied a terre,1358696.0,1942.0,Apartments,806.76,2614.5196078431372,5.0,1.0,1.0,75007,1250000.0,74.0
Paris 5th District - A peaceful 3-bed apartment,1358696.0,1900.0,Apartments,1012.14,2614.5196078431372,5.0,3.0,1.0,75005,1250000.0,93.0
Paris 16th District - A 5-bed apartment with terrace/balconies,1358696.0,2009.0,Apartments,1210.95,2614.5196078431372,5.0,3.0,3.0,75016,1250000.0,111.0
Paris 16th District - An ideal pied a terre,1369565.0,1987.0,Apartments,923.66,2614.5196078431372,5.0,2.0,2.0,75016,1259999.0,84.0
Paris 3rd District - A 4-room apartment to renovate,1369565.0,1850.0,Apartments,960.79,2614.5196078431372,5.0,2.0,1.0,75003,1259999.0,88.0
Paris 16th District - A 4-bed apartment,1391304.0,1955.0,Apartments,1329.68,2614.5196078431372,5.0,4.0,2.0,75016,1279999.0,122.0
Paris 9th District - A recently renovated 4-room apartment,1407609.0,1900.0,Apartments,1060.79,2614.5196078431372,5.0,2.0,2.0,75009,1295000.0,97.0
Paris 18th District - An ideal pied a terre,1407609.0,1910.0,Apartments,695.03,2614.5196078431372,5.0,2.0,2.0,75018,1295000.0,63.0
Paris 9th District - A 3-bed artistâ€™s studio,1413043.0,1900.0,Apartments,864.89,2614.5196078431372,5.0,2.0,1.0,75009,1299999.0,79.0
Paris 13th District - A two-bed apartment with a terrace,1413043.0,1980.0,Apartments,850.03,2614.5196078431372,5.0,3.0,1.0,75013,1299999.0,78.0
Paris 9th District - An elegant 3-bed apartment with a terrace,1456522.0,1850.0,Apartments,1093.51,2614.5196078431372,5.0,3.0,1.0,75009,1340000.0,100.0
Paris 16th District - A 2-bed apartment with a balcony,1456522.0,1970.0,Apartments,973.82,2614.5196078431372,5.0,2.0,2.0,75016,1340000.0,89.0
Paris 13th District - A bright and peaceful 2/3 bed apartment with a balcony,1467391.0,1975.0,Apartments,1033.34,2614.5196078431372,5.0,3.0,2.0,75013,1349999.0,95.0
Paris 17th District - An elegant 3-bed apartment,1467391.0,1880.0,Apartments,1220.75,2614.5196078431372,5.0,3.0,1.0,75017,1349999.0,112.0
Paris 3rd District - An ideal pied a terre,1467391.0,1650.0,Apartments,1059.18,2614.5196078431372,5.0,1.0,1.0,75003,1349999.0,97.0
Paris 15th District - A peaceful pied a terre,1467391.0,1913.0,Apartments,877.05,2614.5196078431372,5.0,2.0,1.0,75015,1349999.0,80.0
PARIS IIe - Rue du Mail,1467391.0,1436.0,Apartments,1018.27,2614.5196078431372,5.0,2.0,2.0,75002,1349999.0,93.0
Paris 16th District - An ideal pied a terre in an iconic building,1500000.0,1894.0,Apartments,866.82,2614.5196078431372,5.0,1.0,1.0,75016,1380000.0,79.0
Paris 6th District - A perfect pied a terre,1500000.0,1900.0,Apartments,792.66,2614.5196078431372,5.0,2.0,1.0,75006,1380000.0,72.0
Paris 17th District - A 3-bed loft-style apartment,1510870.0,1930.0,Apartments,1237.86,2614.5196078431372,5.0,3.0,2.0,75017,1390000.0,113.0
Paris 4th District - An ideal pied a terre,1510870.0,1800.0,Apartments,891.26,2614.5196078431372,5.0,2.0,2.0,75004,1390000.0,81.0
Paris 7th District - A bright 3-bed apartment,1510870.0,1900.0,Apartments,981.68,2614.5196078431372,5.0,3.0,1.0,75007,1390000.0,90.0
Paris 7th District - A 3-bed apartment with a balcony,1510870.0,1964.0,Apartments,1106.43,2614.5196078431372,5.0,3.0,2.0,75007,1390000.0,101.0
Paris 4th District - A delightful pied a terre oozing with period charm,1516304.0,1800.0,Apartments,1022.58,2614.5196078431372,5.0,2.0,1.0,75004,1394999.0,94.0
Paris 4th District - A 4-bed apartment oozing with period charm,1516304.0,1756.0,Apartments,905.47,2614.5196078431372,5.0,4.0,2.0,75004,1394999.0,83.0
"Paris,ÃŽle-de-France,France",1521739.0,1965.0,Apartments,898.15,2614.5196078431372,5.0,2.0,1.0,75007,1399999.0,82.0
Paris 15th District - A bright 3/4 bed apartment,1532609.0,1980.0,Apartments,1433.87,2614.5196078431372,5.0,4.0,2.0,75015,1410000.0,131.0
Paris 16th District - A renovated pied a terre,1565217.0,1880.0,Apartments,1140.98,2614.5196078431372,5.0,2.0,1.0,75016,1439999.0,104.0
Paris 7th District - An ideal pied a terre,1576087.0,1850.0,Apartments,1007.94,2614.5196078431372,5.0,2.0,1.0,75007,1450000.0,92.0
Paris 16th District - A 3-bed apartment with a leafy terrace,1576087.0,1932.0,Apartments,923.55,2614.5196078431372,5.0,3.0,2.0,75016,1450000.0,84.0
Paris 9th District - A bright 3-bed apartment,1576087.0,1850.0,Apartments,1502.33,2614.5196078431372,5.0,3.0,2.0,75009,1450000.0,138.0
Paris 2nd District - A delightful pied a terre,1586957.0,1750.0,Apartments,807.3,2614.5196078431372,5.0,1.0,1.0,75003,1460000.0,74.0
Paris 7th District - An ideal pied a terre with a terrace,1597826.0,1955.0,Apartments,559.73,2614.5196078431372,5.0,1.0,1.0,75007,1469999.0,51.0
Paris 8th District - An ideal pied a terre,1603261.0,1991.0,Apartments,968.76,2614.5196078431372,5.0,2.0,2.0,75008,1475000.0,89.0
Paris 7th District - An ideal pied a terre enjoying Eiffel Tower views,1603261.0,1913.0,Apartments,683.62,2614.5196078431372,5.0,2.0,2.0,75007,1475000.0,62.0
Paris 3rd District - A peaceful apartment,1608696.0,1900.0,Apartments,1517.72,2614.5196078431372,5.0,3.0,2.0,75003,1480000.0,139.0
"Paris,ÃŽle-de-France,France",1619565.0,1730.0,Apartments,674.04,2614.5196078431372,5.0,1.0,1.0,75006,1489999.0,62.0
Paris 16th District - A 3-bed family apartment,1619565.0,1969.0,Apartments,1350.56,2614.5196078431372,5.0,3.0,2.0,75016,1489999.0,124.0
Paris 16th District - A 2-bed apartment enjoying an open view,1625000.0,1965.0,Apartments,1123.76,2614.5196078431372,5.0,2.0,0.0,75016,1495000.0,103.0
Paris 16th District - A 3-bed apartment with balconies,1625000.0,1968.0,Apartments,1598.24,2614.5196078431372,5.0,3.0,2.0,75016,1495000.0,147.0
Paris 7th District - An ideal pied a terre,1630435.0,1890.0,Apartments,742.82,2614.5196078431372,5.0,2.0,1.0,75007,1500000.0,68.0
Paris 9th District - A bright loft-style apartment,1630435.0,1880.0,Apartments,1634.94,2614.5196078431372,5.0,3.0,2.0,75009,1500000.0,150.0
Paris 9th District - An elegant 4-room apartment,1679348.0,1850.0,Apartments,1465.84,2614.5196078431372,5.0,3.0,2.0,75009,1545000.0,134.0
Paris 7th District - An ideal pied a terre,1679348.0,1897.0,Apartments,834.86,2614.5196078431372,5.0,1.0,1.0,75007,1545000.0,76.0
Paris 12th District - A 3-bed apartment with an exceptional terrace,1684783.0,2017.0,Apartments,1121.61,2614.5196078431372,5.0,3.0,2.0,75012,1550000.0,103.0
Paris 16th District - An ideal pied a terre,1695652.0,2017.0,Apartments,746.7,2614.5196078431372,5.0,2.0,1.0,75016,1559999.0,68.0
Paris 6th District - A workshop to renovate,1695652.0,1900.0,Apartments,1247.76,2614.5196078431372,5.0,2.0,1.0,75006,1559999.0,114.0
Paris 8th District - An ideal pied a terre,1706522.0,1850.0,Apartments,1038.73,2614.5196078431372,5.0,2.0,1.0,75008,1570000.0,95.0
Paris 1st District - A magnificent pied a terre in a prime location,1717391.0,1850.0,Apartments,742.93,2614.5196078431372,5.0,1.0,1.0,75001,1579999.0,68.0
Paris 8th District - An ideal pied a terre,1728261.0,1900.0,Apartments,921.18,2614.5196078431372,5.0,2.0,1.0,75008,1590000.0,84.0
Paris 6th District - An ideal pied a terre,1728261.0,1927.0,Apartments,654.77,2614.5196078431372,5.0,2.0,1.0,75006,1590000.0,60.0
Paris 6th District - An ideal pied a terre,1728261.0,1927.0,Apartments,654.77,2614.5196078431372,5.0,2.0,1.0,75006,1590000.0,60.0
Paris 16th District - An elegant 4-bed apartment,1728261.0,1900.0,Apartments,1442.7,2614.5196078431372,5.0,4.0,4.0,75016,1590000.0,132.0
Paris 8th District - An ideal pied a terre,1728261.0,1900.0,Apartments,921.18,2614.5196078431372,5.0,2.0,1.0,75008,1590000.0,84.0
Paris 7th District - An ideal pied a terre,1728261.0,1830.0,Apartments,796.54,2614.5196078431372,5.0,1.0,1.0,75007,1590000.0,73.0
Paris 6th District - A superb 3-bed apartment,1791304.0,1750.0,Apartments,1171.12,2614.5196078431372,5.0,3.0,1.0,75006,1647999.0,107.0
Paris 3rd District - An ideal pied a terre,1793478.0,1722.0,Apartments,973.07,2614.5196078431372,5.0,2.0,2.0,75003,1649999.0,89.0
Paris 6th District - A split-level 3-bed apartment,1793478.0,1912.0,Apartments,1367.46,2614.5196078431372,5.0,3.0,2.0,75006,1649999.0,125.0
Paris 16th District - A 3/4 bed family apartment with a garden,1809783.0,1956.0,Apartments,1207.72,2614.5196078431372,5.0,3.0,2.0,75016,1665000.0,111.0
Paris 1st District - A split-level apartment in a prime location,1815217.0,1615.0,Apartments,991.79,2614.5196078431372,5.0,3.0,2.0,75001,1669999.0,91.0
"Paris,ÃŽle-de-France,France",1826087.0,1951.0,Apartments,1087.16,2614.5196078431372,5.0,2.0,1.0,75116,1680000.0,100.0
Paris 5th District - A 4-bed family apartment,1831522.0,1900.0,Apartments,1743.77,2614.5196078431372,5.0,4.0,2.0,75005,1685000.0,160.0
Paris 15th District - A 2/3 bed apartment enjoying an Eiffel Tower view,1836957.0,1930.0,Apartments,1078.98,2614.5196078431372,5.0,2.0,1.0,75007,1690000.0,99.0
Paris 15th District - A top-floor duplex apartment,1842391.0,1976.0,Apartments,1302.44,2614.5196078431372,5.0,3.0,2.0,75015,1694999.0,119.0
Paris 6th District - A perfect pied a terre,1842391.0,1900.0,Apartments,861.23,2614.5196078431372,5.0,2.0,1.0,75006,1694999.0,79.0
Paris XVIIe - Saint-Ferdinand.,1842391.0,1900.0,Apartments,1598.45,2614.5196078431372,5.0,3.0,1.0,75017,1694999.0,147.0
Paris 16th District - A spacious 3-bed apartment,1846739.0,1928.0,Apartments,1559.27,2614.5196078431372,5.0,3.0,0.0,75016,1698999.0,143.0
Paris 7th District - A 2/3 bed apartment with a terrace,1847826.0,1895.0,Apartments,1366.92,2614.5196078431372,5.0,3.0,2.0,75007,1699999.0,125.0
Paris 16th District - An ideal family apartment,1891304.0,1911.0,Apartments,1389.63,2614.5196078431372,5.0,3.0,2.0,75016,1739999.0,127.0
Paris 5th District - Two apartments with great potential,1902174.0,1850.0,Apartments,1291.68,2614.5196078431372,5.0,3.0,0.0,75005,1750000.0,118.0
Paris 9th District - A 3-bed apartment oozing with period charm,1923913.0,1830.0,Apartments,1420.85,2614.5196078431372,5.0,3.0,2.0,75009,1769999.0,130.0
Paris 16th District - A bright 2/3 bed apartment,1940217.0,1963.0,Apartments,1130.22,2614.5196078431372,5.0,2.0,2.0,75016,1784999.0,103.0
Paris VIe - Jardin du Luxembourg,1940217.0,1914.0,Apartments,1133.34,2614.5196078431372,5.0,2.0,1.0,75006,1784999.0,104.0
Paris 16th District - An ideal pied a terre with a garden,1955435.0,1950.0,Apartments,890.72,2614.5196078431372,5.0,2.0,1.0,75016,1799000.0,81.0
Paris 5th District - A 3-bed apartment in a prime location,1956522.0,1890.0,Apartments,1276.18,2614.5196078431372,5.0,3.0,0.0,75005,1800000.0,117.0
Paris 6th District - A 3-bed apartment enjoying superb views,1956522.0,1900.0,Apartments,1223.87,2614.5196078431372,5.0,3.0,2.0,75006,1800000.0,112.0
Paris 7th District - An elegant pied a terre,1956522.0,1850.0,Apartments,1030.87,2614.5196078431372,5.0,3.0,2.0,75007,1800000.0,94.0
"Paris,ÃŽle-de-France,France",2010870.0,1700.0,Apartments,1046.8,2614.5196078431372,5.0,2.0,0.0,75001,1850000.0,96.0
Paris 17th District - A 4-bed apartment in mint condition,2010870.0,1900.0,Apartments,1560.78,2614.5196078431372,5.0,4.0,2.0,75017,1850000.0,143.0
Paris 17th District - A six-room apartment to renovate,2031522.0,1910.0,Apartments,1957.54,2614.5196078431372,5.0,4.0,2.0,75017,1869000.0,180.0
Paris 16th District - A peaceful 3-bed apartment,2032609.0,1913.0,Apartments,1507.28,2614.5196078431372,5.0,4.0,1.0,75016,1870000.0,138.0
Paris 1st District - An ideal pied a terre,2054348.0,1840.0,Apartments,785.77,2614.5196078431372,5.0,1.0,1.0,75001,1890000.0,72.0
Paris 7th District - An apartment with a garden,2065217.0,1850.0,Apartments,882.65,2614.5196078431372,5.0,2.0,1.0,75007,1899999.0,81.0
Paris 6th District - A 4-bed family apartment,2065217.0,1900.0,Apartments,1317.62,2614.5196078431372,5.0,4.0,2.0,75006,1899999.0,121.0
"Paris,ÃŽle-de-France,France",2065217.0,1950.0,Apartments,753.48,2614.5196078431372,5.0,2.0,2.0,75008,1899999.0,69.0
Paris 18th District - An ideal pied a terre,2086957.0,1890.0,Apartments,1180.06,2614.5196078431372,5.0,3.0,1.0,75018,1920000.0,108.0
Paris 16th District - A peaceful 3-bed apartment enjoying an open view,2092391.0,1960.0,Apartments,1765.3,2614.5196078431372,5.0,3.0,2.0,75016,1924999.0,162.0
Paris 16th District - An ideal pied a terre,2097826.0,1890.0,Apartments,1305.78,2614.5196078431372,5.0,2.0,1.0,75016,1929999.0,120.0
Paris 16th District - A superb pied a terre,2097826.0,1882.0,Apartments,1256.16,2614.5196078431372,5.0,2.0,2.0,75016,1929999.0,115.0
Paris 8th District - A superb pied a terre,2119565.0,1880.0,Apartments,699.66,2614.5196078431372,5.0,2.0,2.0,75008,1949999.0,64.0
Paris 7th District - A renovated pied a terre,2119565.0,1885.0,Apartments,861.23,2614.5196078431372,5.0,1.0,1.0,75007,1949999.0,79.0
Paris 6th District Saint Placide Corner apartment,2125000.0,1900.0,Apartments,1192.65,2614.5196078431372,5.0,3.0,2.0,75006,1955000.0,109.0
Paris 17th District - An elegant 4-bed apartment,2145652.0,1896.0,Apartments,1506.96,2614.5196078431372,5.0,4.0,2.0,75017,1973999.0,138.0
Paris 5th District - A bright 3/4 bed apartment,2152174.0,1930.0,Apartments,1654.43,2614.5196078431372,5.0,4.0,2.0,75005,1980000.0,152.0
Paris XVIIe - Pierre Demours - MarchÃ© Lebon.,2163043.0,1900.0,Apartments,1767.99,2614.5196078431372,5.0,4.0,2.0,75017,1989999.0,162.0
Paris 16th District - A 2-bed apartment enjoying a panoramic view,2163043.0,1930.0,Apartments,1506.96,2614.5196078431372,5.0,3.0,2.0,75016,1989999.0,138.0
Paris 16th District - An ideal pied a terre,2163043.0,1963.0,Apartments,1278.76,2614.5196078431372,5.0,2.0,0.0,75016,1989999.0,117.0
Paris 7th District - A superb 4-bed apartment,2163043.0,1932.0,Apartments,1769.92,2614.5196078431372,5.0,4.0,3.0,75007,1989999.0,162.0
Paris 13th District - A 3-bed apartment,2168478.0,2000.0,Apartments,1338.18,2614.5196078431372,5.0,3.0,2.0,75013,1994999.0,123.0
Paris 9th District - An atypical 4/5 bed apartment,2168478.0,1910.0,Apartments,1615.57,2614.5196078431372,5.0,4.0,2.0,75009,1994999.0,148.0
Paris 6th District - A renovated 3-bed apartment,2168478.0,1890.0,Apartments,1227.31,2614.5196078431372,5.0,3.0,2.0,75006,1994999.0,112.0
Paris 16th District - A bright 3 bed apartment with a balcony,2168478.0,1960.0,Apartments,1151.75,2614.5196078431372,5.0,3.0,3.0,75016,1994999.0,105.0
Paris 17th District - A renovated 3-bed apartment,2168478.0,1890.0,Apartments,1744.31,2614.5196078431372,5.0,3.0,2.0,75017,1994999.0,160.0
Paris 1st District - An ideal pied a terre,2173913.0,1700.0,Apartments,743.47,2614.5196078431372,5.0,2.0,1.0,75006,1999999.0,68.0
Paris 8th District - A bright pied a terre in a prime location,2173913.0,2004.0,Apartments,947.23,2614.5196078431372,5.0,2.0,0.0,75008,1999999.0,87.0
"Paris,ÃŽle-de-France,France",2173913.0,1932.0,Apartments,1561.53,2614.5196078431372,5.0,4.0,2.0,75016,1999999.0,143.0
Paris 16th District - A renovated pied a terre,2173913.0,1962.0,Apartments,1076.4,2614.5196078431372,5.0,2.0,0.0,75016,1999999.0,99.0
Paris 16th District - A renovated pied a terre with terraces,2173913.0,1956.0,Apartments,968.76,2614.5196078431372,5.0,1.0,0.0,75016,1999999.0,89.0
Paris 4th District - An ideal pied a terre with a roof terrace,2260870.0,1930.0,Apartments,966.07,2614.5196078431372,5.0,2.0,1.0,75004,2080000.0,88.0
Paris 16th District - A superb pied a terre,2277174.0,1962.0,Apartments,979.52,2614.5196078431372,5.0,2.0,0.0,75016,2095000.0,90.0
Paris 16th District - A 2/3 bed apartment,2282609.0,1925.0,Apartments,1693.82,2614.5196078431372,5.0,2.0,2.0,75016,2100000.0,155.0
Paris 16th District - A renovated pied a terre,2282609.0,1992.0,Apartments,1420.85,2614.5196078431372,5.0,2.0,4.0,75016,2100000.0,130.0
Paris 16th District - A bright 3-bed family apartment,2282609.0,1930.0,Apartments,1852.7,2614.5196078431372,5.0,3.0,2.0,75016,2100000.0,170.0
Paris 3rd District - An ideal pied a terre,2336957.0,1870.0,Apartments,1045.4,2614.5196078431372,5.0,2.0,2.0,75003,2150000.0,96.0
Paris 7th District - A spacious 5-room apartment,2336957.0,1885.0,Apartments,1483.28,2614.5196078431372,5.0,3.0,1.0,75007,2150000.0,136.0
Paris 17th District - An elegant 3-bed apartment,2380435.0,1870.0,Apartments,1502.65,2614.5196078431372,5.0,3.0,3.0,75017,2190000.0,138.0
Paris 3rd District - A 4-bed apartment with a balcony,2380435.0,1910.0,Apartments,1416.65,2614.5196078431372,5.0,4.0,2.0,75003,2190000.0,130.0
Paris 7th District - A superb pied a terre,2385870.0,1680.0,Apartments,1913.84,2614.5196078431372,5.0,2.0,2.0,75007,2195000.0,176.0
Paris 16th District - A spacious 2-bed apartment with a balcony,2434783.0,1950.0,Apartments,1485.65,2614.5196078431372,5.0,2.0,2.0,75016,2240000.0,136.0
Paris 6th District - A 5-room apartment in a prime location,2445652.0,1810.0,Apartments,1339.47,2614.5196078431372,5.0,3.0,2.0,75006,2249999.0,123.0
Paris 17th District - Ideal Liberal profession.,2478261.0,1910.0,Apartments,2264.53,2614.5196078431372,5.0,3.0,4.0,75017,2280000.0,208.0
Paris 7th District - A 3-bed apartment with a terrace,2489130.0,1991.0,Apartments,1259.39,2614.5196078431372,5.0,3.0,1.0,75007,2289999.0,115.0
Paris 14th District - A delightful apartment,2489130.0,1974.0,Apartments,2040.1,2614.5196078431372,5.0,4.0,4.0,75014,2289999.0,187.0
Paris 16th District - A renovated 3-bed apartment,2494565.0,1920.0,Apartments,1464.77,2614.5196078431372,5.0,3.0,2.0,75016,2294999.0,134.0
Paris 7th District - An exceptional pied a terre,2500000.0,1934.0,Apartments,1114.29,2614.5196078431372,5.0,2.0,1.0,75007,2300000.0,102.0
Paris 8th District - A 3-bed apartment,2500000.0,1890.0,Apartments,1589.63,2614.5196078431372,5.0,3.0,2.0,75008,2300000.0,146.0
Paris 17th District - A superb 3-bed apartment,2554348.0,1885.0,Apartments,1795.44,2614.5196078431372,5.0,3.0,2.0,75017,2350000.0,165.0
Paris VIe- Jardin du Luxembourg/Port Royal,2567391.0,1908.0,Apartments,1388.56,2614.5196078431372,5.0,3.0,2.0,75006,2361999.0,127.0
Paris 16th District - A sunny apartment oozing with period charm.,2597826.0,1890.0,Apartments,1528.49,2614.5196078431372,5.0,3.0,2.0,75116,2389999.0,140.0
Paris 16th District - A 3/4 bed family apartment,2597826.0,1900.0,Apartments,2518.78,2614.5196078431372,5.0,4.0,3.0,75016,2389999.0,231.0
Paris 2nd District - A superb 3-bed apartment,2600000.0,1890.0,Apartments,1195.67,2614.5196078431372,5.0,3.0,2.0,75002,2392000.0,110.0
Paris 14th District - A superb 3-bed period property,2608696.0,1927.0,villa/townhouse,2206.62,2614.5196078431372,5.0,4.0,3.0,75014,2400000.0,203.0
Paris 6th District - A bright 3-bed apartment,2663043.0,1930.0,Apartments,1166.82,2614.5196078431372,5.0,3.0,2.0,75006,2449999.0,107.0
Paris 10th District - A meticulously renovated 6-room apartment,2663043.0,1850.0,Apartments,2152.8,2614.5196078431372,5.0,3.0,2.0,75010,2449999.0,198.0
Paris 16th District - A 5-bed family home with terraces,2684783.0,1967.0,villa/townhouse,2030.09,2614.5196078431372,5.0,3.0,4.0,75016,2470000.0,186.0
Paris 5th District - An elegant 3-bed apartment in a prime location,2706522.0,1867.0,Apartments,1625.36,2614.5196078431372,5.0,3.0,1.0,75005,2490000.0,149.0
Paris 7th District - An ideal pied a terre,2717391.0,1880.0,Apartments,1345.5,2614.5196078431372,5.0,2.0,2.0,75007,2499999.0,123.0
Paris 16th District - A superb penthouse apartment,2717391.0,1969.0,Apartments,2088.22,2614.5196078431372,5.0,3.0,3.0,75016,2499999.0,192.0
PARIS XXe - LA CAMPAGNE A PARIS,2717391.0,1830.0,villa/townhouse,1566.38,2614.5196078431372,5.0,3.0,2.0,75020,2499999.0,144.0
Paris 20th District - A charming period property with a garden,2717391.0,1830.0,Apartments,1566.38,2614.5196078431372,5.0,3.0,2.0,75020,2499999.0,144.0
Paris 6th District -An ideal pied a terre,2717391.0,1880.0,Apartments,1253.47,2614.5196078431372,5.0,2.0,2.0,75006,2499999.0,115.0
Paris 16th District - A 3-bed family apartment,2717391.0,1970.0,Apartments,1765.19,2614.5196078431372,5.0,3.0,2.0,75016,2499999.0,162.0
Paris 5th District - An ideal pied a terre,2739130.0,1700.0,Apartments,1029.25,2614.5196078431372,5.0,2.0,2.0,75006,2519999.0,94.0
"Paris,ÃŽle-de-France,France",2739130.0,1925.0,Apartments,2167.65,2614.5196078431372,5.0,3.0,2.0,75016,2519999.0,199.0
Paris 8th District Avenue George V,2739130.0,1963.0,Apartments,672.75,2614.5196078431372,5.0,1.0,1.0,75008,2519999.0,61.0
Paris 16th District - A spacious 3-bed apartment,2771739.0,1880.0,Apartments,1847.64,2614.5196078431372,5.0,3.0,2.0,75016,2549999.0,169.0
Paris 16th District - A bright 3-bed apartment,2771739.0,1910.0,Apartments,1539.25,2614.5196078431372,5.0,3.0,2.0,75016,2549999.0,141.0
Paris 16th District - A spacious apartment commanding exceptional views,2815217.0,1968.0,Apartments,2375.4,2614.5196078431372,5.0,3.0,3.0,75016,2589999.0,218.0
Paris 8th District - A spacious 3-bed apartment,2815217.0,1893.0,Apartments,2065.29,2614.5196078431372,5.0,3.0,2.0,75008,2589999.0,190.0
Paris 16th District - A renovated 4-bed apartment,2815217.0,1890.0,Apartments,2045.16,2614.5196078431372,5.0,4.0,3.0,75016,2589999.0,188.0
Paris 10th District - A superb 3/4 bed apartment,2826087.0,1930.0,Apartments,1663.15,2614.5196078431372,5.0,3.0,2.0,75010,2600000.0,153.0
Paris 16th District - A meticulously renovated 2/3 bed apartment,2880435.0,1930.0,Apartments,1840.64,2614.5196078431372,5.0,2.0,2.0,75016,2650000.0,169.0
Paris 8th District - A renovated 3-bed apartment,2923913.0,1900.0,Apartments,1773.05,2614.5196078431372,5.0,4.0,3.0,75008,2689999.0,163.0
Paris 16th District - An apartment with a 41 sqm terrace,2934783.0,1965.0,Apartments,1634.62,2614.5196078431372,5.0,3.0,2.0,75016,2700000.0,150.0
Paris 8th District - A spacious family apartment,2934783.0,1880.0,Apartments,1961.63,2614.5196078431372,5.0,3.0,4.0,75008,2700000.0,180.0
Paris 5th on Quai de la Tournelle accross Ile St Louis,2989130.0,1965.0,Apartments,938.41,2614.5196078431372,5.0,1.0,1.0,75005,2749999.0,86.0
Paris 16th District - A bright 3-bed apartment,2989130.0,1990.0,Apartments,1582.31,2614.5196078431372,5.0,3.0,3.0,75016,2749999.0,145.0
Paris 5th District - A sunny 3-bed apartment,2989130.0,1900.0,Apartments,1629.67,2614.5196078431372,5.0,3.0,2.0,75005,2749999.0,149.0
Paris 17th District - A 3-bed apartment with a superb roof terrace,3032609.0,1970.0,Apartments,1270.15,2614.5196078431372,5.0,2.0,3.0,75017,2790000.0,116.0
Paris 9th District - A renovated 3/4 bed apartment,3043478.0,1860.0,Apartments,2443.64,2614.5196078431372,5.0,4.0,2.0,75009,2799999.0,224.0
Paris 7th District - An ideal pied a terre,3043478.0,1850.0,Apartments,1012.14,2614.5196078431372,5.0,2.0,2.0,75007,2799999.0,93.0
Paris 6th District - A spacious 3-bed apartment,3043478.0,1920.0,Apartments,1718.26,2614.5196078431372,5.0,3.0,0.0,75006,2799999.0,158.0
Paris 7th District - An elegant 3/4 bed apartment,3076087.0,1914.0,Apartments,1722.24,2614.5196078431372,5.0,3.0,2.0,75007,2830000.0,158.0
Paris 7th District - An elegant pied a terre,3086957.0,1880.0,Apartments,1156.27,2614.5196078431372,5.0,2.0,2.0,75007,2840000.0,106.0
Paris 16th District - A 4/5 bed apartment with a balcony,3097826.0,1910.0,Apartments,2454.3,2614.5196078431372,5.0,3.0,3.0,75016,2849999.0,225.0
Paris 7th District - An ideal pied a terre,3097826.0,1800.0,Apartments,1345.61,2614.5196078431372,5.0,2.0,2.0,75007,2849999.0,123.0
Paris 7th District - An elegant 3-bed appartment front of the garden,3097826.0,1863.0,Apartments,1369.93,2614.5196078431372,5.0,3.0,2.0,75006,2849999.0,126.0
Paris 16th District - A renovated pied a terre,3141304.0,1970.0,Apartments,1289.74,2614.5196078431372,5.0,2.0,0.0,75016,2889999.0,118.0
Paris 17th District - A period Town House with great potential,3152174.0,1900.0,villa/townhouse,3229.2,2614.5196078431372,5.0,3.0,2.0,75017,2900000.0,297.0
Paris 16th District - A superb apartment with a garden,3206522.0,1902.0,Apartments,2579.16,2614.5196078431372,5.0,3.0,3.0,75016,2950000.0,237.0
Paris 16th District - A 6-bed family apartment with a balcony,3206522.0,1926.0,Apartments,2615.65,2614.5196078431372,5.0,3.0,0.0,75016,2950000.0,240.0
Paris 17th District - A 267 sqm apartment,3206522.0,1890.0,Apartments,2676.25,2614.5196078431372,5.0,3.0,0.0,75017,2950000.0,246.0
Paris 7th District - A renovated 4-bed apartment,3250000.0,1975.0,Apartments,1731.39,2614.5196078431372,5.0,4.0,3.0,75007,2990000.0,159.0
Paris 16th District - A bright 3-bed apartment,3250000.0,1930.0,Apartments,1604.7,2614.5196078431372,5.0,3.0,0.0,75016,2990000.0,147.0
"Paris 6th District - Saint-Germain-des-PrÃ©s, two bedrooms.",3260870.0,1850.0,Apartments,1573.59,2614.5196078431372,5.0,2.0,2.0,75006,3000000.0,144.0
Paris 7th District - An ideal pied a terre in a prime location,3260870.0,1820.0,Apartments,1109.34,2614.5196078431372,5.0,2.0,1.0,75006,3000000.0,102.0
Paris 7th District - An ideal pied a terre,3366848.0,1800.0,Apartments,1254.01,2614.5196078431372,5.0,2.0,2.0,75007,3097500.0,115.0
Paris 16th district Place des Etats-Unis,3369565.0,1880.0,Apartments,1528.49,2614.5196078431372,5.0,3.0,2.0,75016,3099999.0,140.0
Paris 16th District - A superb 3-bed apartment,3369565.0,1880.0,Apartments,1528.49,2614.5196078431372,5.0,3.0,0.0,75016,3099999.0,140.0
Paris 8th District - An ideal pied a terre,3369565.0,1890.0,Apartments,1614.6,2614.5196078431372,5.0,2.0,2.0,75008,3099999.0,148.0
Paris XVIIe - Wagram. Wagram. AmpÃ¨re.,3369565.0,1903.0,Apartments,2756.55,2614.5196078431372,5.0,4.0,3.0,75017,3099999.0,253.0
Paris 18th District - A spacious family home with terraces,3391304.0,2016.0,villa/townhouse,2564.2,2614.5196078431372,5.0,3.0,3.0,75018,3119999.0,235.0
Paris 15th District - A renovated 3-bed apartment,3402174.0,1900.0,Apartments,1377.79,2614.5196078431372,5.0,4.0,3.0,75007,3130000.0,126.0
Paris 6th District - A bright 3/4 bed apartment,3423913.0,1870.0,Apartments,1345.82,2614.5196078431372,5.0,3.0,2.0,75006,3149999.0,123.0
Paris 8th District - A superb pied a terre,3467391.0,1860.0,Apartments,1140.98,2614.5196078431372,5.0,2.0,2.0,75008,3189999.0,104.0
Paris 14th District - A 5-bed apartment with a garden,3478261.0,1992.0,Apartments,2314.26,2614.5196078431372,5.0,3.0,0.0,75014,3200000.0,212.0
"Paris,ÃŽle-de-France,France",3478261.0,1890.0,Apartments,1614.6,2614.5196078431372,5.0,3.0,3.0,75016,3200000.0,148.0
Paris 7th District - A 3-bed apartment enjoying superb views,3478261.0,1910.0,Apartments,1378.65,2614.5196078431372,5.0,3.0,1.0,75007,3200000.0,126.0
Paris 16th District - A bright and peaceful 3-bed apartment,3478261.0,1929.0,Apartments,2131.27,2614.5196078431372,5.0,3.0,0.0,75016,3200000.0,196.0
Paris 16th District - A bright 4-bed apartment,3532609.0,1920.0,Apartments,2309.2,2614.5196078431372,5.0,4.0,0.0,75016,3250000.0,212.0
Paris 7th District - An exceptional 3-bed apartment,3576087.0,1834.0,Apartments,1283.07,2614.5196078431372,5.0,3.0,2.0,75007,3290000.0,118.0
Paris 17th District - A superb apartment in a prime location,3586957.0,1910.0,Apartments,1995.65,2614.5196078431372,5.0,4.0,2.0,75017,3300000.0,183.0
Paris 17th District - A superb pied a terre,3652174.0,1900.0,Apartments,1506.96,2614.5196078431372,5.0,2.0,2.0,75017,3360000.0,138.0
Paris 8th District - A superbly renovated 2/3 bed apartment,3652174.0,1880.0,Apartments,1474.78,2614.5196078431372,5.0,3.0,3.0,75008,3360000.0,135.0
Paris 7th District - An ideal pied a terre in a prime location,3663043.0,1900.0,Apartments,1151.96,2614.5196078431372,5.0,2.0,2.0,75007,3369999.0,105.0
Paris 16th District - An elegant 5-bed apartment,3684783.0,1900.0,Apartments,2091.55,2614.5196078431372,5.0,3.0,2.0,75016,3390000.0,192.0
Paris 16th District - A superb top-floor apartment with a terrace,3695652.0,1970.0,Apartments,1768.09,2614.5196078431372,5.0,3.0,3.0,75016,3399999.0,162.0
Paris 8th District - An elegant pied a terre in a prime location,3739130.0,1900.0,Apartments,1442.38,2614.5196078431372,5.0,2.0,2.0,75008,3439999.0,132.0
Paris 8th District - A superb pied a terre,3766304.0,1950.0,Apartments,1162.51,2614.5196078431372,5.0,2.0,2.0,75008,3464999.0,106.0
Paris 17th District - A magnificent 6-bed apartment,3804348.0,1915.0,Apartments,1304.1100000000001,2614.5196078431372,5.0,3.0,4.0,75017,3500000.0,119.5
Paris 8th District - A renovated apartment in a prime location,3804348.0,1840.0,Apartments,1829.88,2614.5196078431372,5.0,3.0,3.0,75008,3500000.0,168.0
Paris 6th District - An ideal pied a terre,3804348.0,1850.0,Apartments,1435.38,2614.5196078431372,5.0,3.0,3.0,75006,3500000.0,132.0
Paris VIe - Jardin du Luxembourg,3858696.0,1930.0,Apartments,2238.91,2614.5196078431372,5.0,3.0,3.0,75006,3550000.0,205.0
Paris 17th District - An elegant 4-bed apartment,3891304.0,1913.0,Apartments,2978.72,2614.5196078431372,5.0,4.0,4.0,75017,3579999.0,274.0
Paris 16th District - A superb 4-bed family home,3913043.0,1900.0,villa/townhouse,2691.0,2614.5196078431372,5.0,4.0,4.0,75016,3599999.0,247.0
"Paris 15th District, on the edge of the 7th District - An ideal pied a terre",3994565.0,1965.0,Apartments,1272.74,2614.5196078431372,5.0,3.0,3.0,75007,3674999.0,117.0
Paris 16th District - Benjamin Godard - 160 sqm with 3 bedrooms,4010870.0,1900.0,Apartments,1722.24,2614.5196078431372,5.0,3.0,3.0,75016,3690000.0,158.0
Paris 16th District - A 3-bed apartment with a garden,4076087.0,1900.0,Apartments,2421.9,2614.5196078431372,5.0,4.0,2.0,75016,3750000.0,222.0
Paris 16th District - A peaceful 3-bed apartment enjoying an open view,4076087.0,1960.0,Apartments,3530.59,2614.5196078431372,5.0,3.0,4.0,75016,3750000.0,324.0
Paris 6th District - A bright and spacious 2/3 bed apartment,4125000.0,1859.0,Apartments,1937.84,2614.5196078431372,5.0,3.0,3.0,75006,3795000.0,178.0
Paris 14th District - A renovated architect-designed property,4173913.0,1892.0,Apartments,2309.52,2614.5196078431372,5.0,4.0,4.0,75014,3839999.0,212.0
Paris 16th District - A superb 3-bed apartment in an iconic buildng,4184783.0,1931.0,Apartments,2314.26,2614.5196078431372,5.0,3.0,2.0,75016,3850000.0,212.0
Paris 4e - Place des Vosges,4239130.0,1612.0,Apartments,1399.32,2614.5196078431372,5.0,2.0,1.0,75004,3899999.0,128.0
Paris 14th District - An exceptional 4-bed family home,4239130.0,1860.0,villa/townhouse,3417.25,2614.5196078431372,5.0,4.0,3.0,75014,3899999.0,314.0
Paris 8th District - A 3-bed apartment in a prime location,4293478.0,1962.0,Apartments,1937.52,2614.5196078431372,5.0,3.0,3.0,75008,3949999.0,178.0
Paris 5th District - An elegant 3-bed apartment in a prime location,4293478.0,1930.0,Apartments,2088.97,2614.5196078431372,5.0,3.0,3.0,75005,3949999.0,192.0
Paris 8th District - A 3-bed apartment with a balcony,4293478.0,1900.0,Apartments,2101.13,2614.5196078431372,5.0,3.0,2.0,75008,3949999.0,193.0
Paris 7th District - A bright 3-bed apartment,4304348.0,1700.0,Apartments,2023.63,2614.5196078431372,5.0,3.0,2.0,75007,3960000.0,186.0
Paris 14th District - A peaceful architect-designed property,4326087.0,2007.0,villa/townhouse,3544.59,2614.5196078431372,5.0,3.0,5.0,75014,3980000.0,326.0
Paris 8th District - A superb 3-bed apartment,4336957.0,1880.0,Apartments,1712.34,2614.5196078431372,5.0,3.0,0.0,75008,3990000.0,157.0
Paris 16th District - A superb 2/3 bed apartment,4336957.0,1930.0,Apartments,2219.21,2614.5196078431372,5.0,3.0,2.0,75016,3990000.0,204.0
Paris 4th District - An ideal pied a terre,4336957.0,1607.0,Apartments,1893.17,2614.5196078431372,5.0,2.0,1.0,75004,3990000.0,174.0
Paris 8th District - An elegant 3-bed apartment,4336957.0,1880.0,Apartments,2637.18,2614.5196078431372,5.0,3.0,2.0,75008,3990000.0,242.0
Paris 16th District - A renovated floor through apartment.,4347826.0,1900.0,Apartments,2551.07,2614.5196078431372,5.0,3.0,2.0,75016,3999999.0,234.0
Paris 6th District - A tastefully renovated three-bed apartment.,4456522.0,1900.0,Apartments,1681.01,2614.5196078431372,5.0,3.0,2.0,75006,4100000.0,154.0
Paris 6th District - A renovated 4-bed apartment,4559783.0,1850.0,Apartments,1809.64,2614.5196078431372,5.0,4.0,0.0,75006,4195000.0,166.0
Paris 1st District - A magnificent 300 sqm apartment,4565217.0,1860.0,Apartments,3206.81,2614.5196078431372,5.0,4.0,3.0,75001,4199999.0,295.0
Paris 4th District - An exceptional 2/3 bed apartment in a prime location,4636957.0,1600.0,Apartments,1560.13,2614.5196078431372,5.0,2.0,2.0,75004,4266000.0,143.0
Paris 1st District - An elegant 6-room apartment,4733696.0,1750.0,Apartments,1945.05,2614.5196078431372,5.0,3.0,0.0,75001,4355000.0,178.0
"Paris,ÃŽle-de-France,France",4815217.0,1894.0,Apartments,2561.83,2614.5196078431372,5.0,4.0,4.0,75016,4429999.0,235.0
Paris 7th District - Barbet de Jouy - 3/4 bed apartment,4891304.0,1980.0,Apartments,1927.29,2614.5196078431372,5.0,4.0,2.0,75007,4499999.0,177.0
Paris 16th District - A superb 4-bed apartment,4891304.0,1930.0,Apartments,1304.1100000000001,2614.5196078431372,5.0,4.0,0.0,75016,4499999.0,119.5
Paris 16th District - A spacious apartment enjoying open views,4945652.0,1890.0,Apartments,1304.1100000000001,2614.5196078431372,5.0,3.0,0.0,75016,4549999.0,119.5
16th District - Square Lamartine - Victor Hugo,4978261.0,1900.0,Apartments,3019.62,2614.5196078431372,5.0,3.0,3.0,75016,4580000.0,277.0
Paris 7th District - A bright 3-bed apartment enjoying superb views,5108696.0,1913.0,Apartments,1907.6,2614.5196078431372,5.0,3.0,2.0,75007,4700000.0,175.0
Paris 3rd District - An exceptional 3-bed apartment in a period private mansion,5293478.0,1754.0,Apartments,1862.17,2614.5196078431372,5.0,3.0,2.0,75003,4869999.0,171.0
Paris 8th District - A magnificent split-level apartment,5326087.0,1927.0,Apartments,3072.8,2614.5196078431372,5.0,3.0,6.0,75008,4900000.0,282.0
Paris 8th District - Avenue Montaigne,5326087.0,1930.0,Apartments,2315.34,2614.5196078431372,5.0,3.0,0.0,75008,4900000.0,213.0
Paris 8th District - A meticulously renovated 3-bed apartment,5380435.0,1880.0,Apartments,1722.24,2614.5196078431372,5.0,3.0,0.0,75008,4950000.0,158.0
Paris 16th District - An elegant 4-bed apartment,5418478.0,1890.0,Apartments,3053.1,2614.5196078431372,5.0,4.0,4.0,75016,4984999.0,280.0
Paris 8th District - A superb 3-bed apartment,5434783.0,1850.0,Apartments,2120.51,2614.5196078431372,5.0,3.0,2.0,75008,5000000.0,195.0
Paris 7th District - Prime location,3033588.754534462,1929.0,Apartments,2935.02,2614.5196078431372,5.0,4.0,4.0,75007,0.0,270.0
Paris 6th District - BEAUX- ARTS - 3-bed workshop-style apartment,5652174.0,1805.0,Apartments,1829.88,2614.5196078431372,5.0,3.0,2.0,75006,5200000.0,168.0
Paris 8th District - An elegant apartment with an extensive terrace,5652174.0,1960.0,Apartments,1809.21,2614.5196078431372,5.0,3.0,2.0,75008,5200000.0,166.0
Paris 16th District - An exceptional private mansion,5706522.0,1880.0,villa/townhouse,2424.48,2614.5196078431372,5.0,3.0,3.0,75016,5250000.0,223.0
Paris 16th District - An exceptional 3-bed apartment enjoying stunning views,5869565.0,1925.0,Apartments,2368.08,2614.5196078431372,5.0,3.0,0.0,75016,5399999.0,217.0
Paris 6th District - A renovated 5-room apartment,5869565.0,1950.0,Apartments,2132.89,2614.5196078431372,5.0,3.0,2.0,75006,5399999.0,196.0
Paris 5th District - A superb 5-bed apartment,5967391.0,1927.0,Apartments,2752.68,2614.5196078431372,5.0,3.0,3.0,75005,5489999.0,253.0
Paris 16th District - A superb 4-bed apartment,5972826.0,1895.0,Apartments,2259.79,2614.5196078431372,5.0,4.0,0.0,75016,5494999.0,207.0
Paris 8th District - An exceptional 3-bed apartment in a prime location,6086957.0,1900.0,Apartments,2007.49,2614.5196078431372,5.0,3.0,3.0,75008,5600000.0,184.0
Paris 16th District - An elegant 3-bed apartment with a balcony,6179348.0,1900.0,Apartments,2154.52,2614.5196078431372,5.0,3.0,3.0,75016,5685000.0,198.0
"Paris,ÃŽle-de-France,France",6195652.0,1900.0,Apartments,2583.36,2614.5196078431372,5.0,4.0,4.0,75016,5699999.0,237.0
Paris 6th District - Business premises,6250409.0,1880.0,commercial / office,2797.89,2614.5196078431372,5.0,3.0,1.0,75006,5750376.0,257.0
Paris 16th District - Ideal business premises,6304348.0,1905.0,Apartments,3444.48,2614.5196078431372,5.0,4.0,0.0,75016,5800000.0,316.0
"Paris 16th District - A unique panoramic view of Eiffel Tower and Seine, magnificent 3-bed apartment",6304348.0,1925.0,Apartments,2250.32,2614.5196078431372,5.0,4.0,2.0,75016,5800000.0,207.0
Paris 8th District - An exceptional 4-bed apartment with a leafy garden,6358696.0,1900.0,Apartments,3390.66,2614.5196078431372,5.0,4.0,0.0,75008,5850000.0,311.0
Paris 8th District - A superb pied a terre with a terrace,6413043.0,1920.0,Apartments,1463.9,2614.5196078431372,5.0,2.0,2.0,75008,5899999.0,134.0
Paris 7th District - A renovated 4-bed apartment commanding an exceptional view,6413043.0,1910.0,Apartments,2225.56,2614.5196078431372,5.0,4.0,3.0,75007,5899999.0,204.0
Paris 8th District - An exceptional 3-bed apartment,6413043.0,1896.0,Apartments,1991.34,2614.5196078431372,5.0,4.0,3.0,75008,5899999.0,183.0
Paris 7th District - A magnificent apartment with a garden,6467391.0,1892.0,Apartments,2949.12,2614.5196078431372,5.0,4.0,4.0,75007,5949999.0,271.0
Paris 8th District - An exceptional 3-bed apartment,2089674.0,1910.0,Apartments,3344.05,2614.5196078431372,5.0,3.0,0.0,75008,1877499.0,307.0
Paris 16th District - A superb pied a terre,2089674.0,1930.0,Apartments,1571.54,2614.5196078431372,5.0,2.0,2.0,75016,1877499.0,144.0
Paris 8th District - A meticulously renovated 3-bed apartment,2089674.0,1840.0,Apartments,2368.94,2614.5196078431372,5.0,3.0,3.0,75008,1877499.0,217.0
Paris 16th District - A 4-bed apartment enjoying an Eiffel Tower view,2089674.0,1890.0,Apartments,3067.74,2614.5196078431372,5.0,3.0,0.0,75016,1877499.0,282.0
Paris 16th District - An elegant 4-bed apartment,3033588.754534462,1930.0,Apartments,1304.1100000000001,2614.5196078431372,5.0,4.0,4.0,75016,0.0,119.5
Paris 4th District - A magnificent apartment in an exceptional location,2089674.0,1950.0,Apartments,2447.41,2614.5196078431372,5.0,3.0,1.0,75004,1877499.0,225.0
Paris 1st District - An elegant 3/4 bed apartment,2089674.0,1820.0,Apartments,2053.66,2614.5196078431372,5.0,4.0,3.0,75001,1877499.0,188.0
Paris 16th District - A superb 4-bed apartment,2089674.0,1900.0,Apartments,3013.92,2614.5196078431372,5.0,4.0,0.0,75016,1877499.0,277.0
Paris 7th District - A superb 350 sqm Hotel Particulier..,3033588.754534462,1823.0,villa/townhouse,1304.1100000000001,2614.5196078431372,5.0,3.0,0.0,75007,0.0,119.5
Paris 8th District - A spacious apartment in a prime location,2089674.0,1880.0,Apartments,2411.14,2614.5196078431372,5.0,3.0,0.0,75008,1877499.0,221.0
Paris 16th District - An exceptional private mansion,2089674.0,1930.0,villa/townhouse,1304.1100000000001,2614.5196078431372,5.0,3.0,0.0,75016,1877499.0,119.5
Paris 7th District - A magnificent 3-bed apartment,2089674.0,1750.0,Apartments,2037.52,2614.5196078431372,5.0,3.0,3.0,75007,1877499.0,187.0
Paris 8th District - A spacious apartment with great potential,2089674.0,1870.0,Apartments,1304.1100000000001,2614.5196078431372,5.0,3.0,0.0,75008,1877499.0,119.5
Paris 8th District - A magnificent duplex apartment in a prime location,2089674.0,1962.0,Apartments,1991.34,2614.5196078431372,5.0,3.0,0.0,75008,1877499.0,183.0
Paris 16th District - An exceptional private mansion,3033588.754534462,1930.0,villa/townhouse,1304.1100000000001,2614.5196078431372,5.0,4.0,3.0,75016,0.0,119.5
Paris 7th District - An exceptional pied a terre,3033588.754534462,1938.0,Apartments,3067.74,2614.5196078431372,5.0,3.0,3.0,75007,0.0,282.0
Paris 8th District - A magnificent 3-bed apartment,2089674.0,1891.0,Apartments,2669.69,2614.5196078431372,5.0,3.0,3.0,75008,1877499.0,245.0
Paris 8th District - An exceptional apartment in a prime location,3033588.754534462,1860.0,Apartments,1304.1100000000001,2614.5196078431372,5.0,4.0,5.0,75008,0.0,119.5
Paris 16th District - A magnificent private mansion,2089674.0,1930.0,Apartments,1304.1100000000001,2614.5196078431372,5.0,4.0,3.0,75016,1877499.0,119.5
Paris 7th District - An exceptional family apartment,3033588.754534462,1925.0,Apartments,2858.81,2614.5196078431372,5.0,3.0,2.0,75007,0.0,263.0
Paris 8th District - A superb penthouse apartment with terraces,2089674.0,1930.0,Apartments,2421.9,2614.5196078431372,5.0,3.0,0.0,75008,1877499.0,222.0
Paris 16th District - Place des Etats-Unis,2089674.0,1911.0,Apartments,1304.1100000000001,2614.5196078431372,5.0,3.0,3.0,75016,1877499.0,119.5
Paris 6th District - A superb period property,2089674.0,1850.0,villa/townhouse,1304.1100000000001,2614.5196078431372,5.0,3.0,0.0,75006,1877499.0,119.5
Paris 16th District - A magnificent private mansion in a prime location,3033588.754534462,1900.0,villa/townhouse,1304.1100000000001,2614.5196078431372,5.0,3.0,3.0,75016,0.0,119.5
Paris 16th District - An exceptional penthouse apartment,2089674.0,1969.0,Apartments,3189.37,2614.5196078431372,5.0,4.0,2.0,75016,1877499.0,293.0
Paris 7th District - A magnificent pied a terre bathed in sunshine,2089674.0,2013.0,Apartments,2436.86,2614.5196078431372,5.0,3.0,0.0,75007,1877499.0,224.0
Paris 1st District - Exceptional apartment - Stunning view,2089674.0,1840.0,Apartments,2604.89,2614.5196078431372,5.0,2.0,0.0,75001,1877499.0,239.0
Paris 16th - Place des Etats-Unis,3033588.754534462,1911.0,Apartments,1304.1100000000001,2614.5196078431372,5.0,3.0,4.0,75016,0.0,119.5
Paris 16th District - A magnificent apartment with a garden,2089674.0,1931.0,Apartments,1304.1100000000001,2614.5196078431372,5.0,3.0,3.0,75016,1877499.0,119.5
"Paris,ÃŽle-de-France,France",2089674.0,1902.0,Apartments,1304.1100000000001,2614.5196078431372,5.0,3.0,3.0,75016,1877499.0,119.5
Paris 8th District - A magnificent 10-room private mansion,2089674.0,1880.0,villa/townhouse,1304.1100000000001,2614.5196078431372,5.0,3.0,4.0,75008,1877499.0,119.5
Paris 7th District - An exceptional apartment in a prime location,2089674.0,1931.0,Apartments,1304.1100000000001,2614.5196078431372,5.0,4.0,0.0,75007,1877499.0,119.5
Paris 16th District - An exceptional 5-bed apartment,2089674.0,1917.0,Apartments,1304.1100000000001,2614.5196078431372,5.0,3.0,5.0,75016,1877499.0,119.5
Paris 1st District - An exceptional period Town House,3033588.754534462,1850.0,villa/townhouse,1304.1100000000001,2614.5196078431372,5.0,4.0,0.0,75001,0.0,119.5
Paris 16th District - A stoneâ€™s throw from the Arc de Triomphe,3033588.754534462,1990.0,Apartments,1304.1100000000001,2614.5196078431372,5.0,3.0,0.0,75016,0.0,119.5
