Address,District/Arrondissement,Number of rooms,Size,Property Type,Lease_duration,Co-Living,Rent,Pets allowed
79 Rue de la Paix,11,4,632,Duplex,26,0,5407,0
10 Boulevard Saint-Germain,13,3,614,Duplex,7,0,4203,0
12 Avenue des Champs-Élysées,4,5,551,Villa,30,0,6628,0
57 Avenue des Champs-Élysées,18,4,1732,Villa,21,0,2858,1
52 Boulevard Saint-Germain,8,2,351,Duplex,20,0,8899,1
79 Boulevard Haussmann,10,2,876,Duplex,28,1,8239,0
131 Avenue Montaigne,5,5,650,Apartment,18,0,5674,1
163 Boulevard Haussmann,19,1,1745,Apartment,35,1,6205,1
31 Rue de la République,4,1,396,Apartment,11,0,1311,0
108 Rue du Faubourg Saint-Honoré,1,4,1646,Apartment,4,1,2936,0
67 Rue Saint-Honoré,17,5,921,Duplex,12,0,6631,1
98 Boulevard Saint-Germain,20,2,650,Duplex,10,1,7522,1
195 Rue de Rivoli,11,4,1766,Apartment,34,1,6374,1
13 Rue de la République,20,5,1301,Apartment,23,1,6860,0
2 Boulevard Saint-Germain,19,4,965,Apartment,24,0,5570,1
14 Boulevard Saint-Germain,7,3,1414,Villa,15,1,1797,1
60 Boulevard Saint-Germain,2,2,1948,Villa,29,1,1429,1
26 Rue Saint-Honoré,15,3,457,Villa,6,1,2166,1
56 Rue de la Paix,4,1,1620,Villa,24,1,8095,0
51 Rue Saint-Honoré,7,1,1688,Duplex,15,0,5216,1
103 Avenue des Champs-Élysées,19,2,1806,Villa,22,0,8892,0
130 Boulevard Haussmann,9,3,313,Villa,4,0,8529,0
148 Avenue Montaigne,12,4,1356,Duplex,20,0,2006,0
155 Rue Saint-Honoré,5,4,495,Apartment,36,1,7232,1
65 Rue de la République,8,5,1388,Duplex,36,0,4117,1
74 Rue de Rivoli,15,2,1339,Villa,3,0,8547,1
150 Boulevard Haussmann,1,5,1066,Villa,13,0,4433,0
137 Boulevard Haussmann,11,5,1845,Apartment,17,1,4472,0
88 Rue de la République,20,1,1148,Villa,34,1,3162,1
5 Rue Saint-Honoré,2,4,1803,Apartment,8,1,1898,1
182 Avenue des Champs-Élysées,1,4,1638,Duplex,20,0,5541,0
21 Rue de la République,10,2,1480,Apartment,2,1,5978,0
115 Boulevard Haussmann,15,1,1134,Duplex,12,1,2404,1
176 Rue du Faubourg Saint-Honoré,14,4,1976,Duplex,3,0,4198,0
192 Boulevard Haussmann,19,4,348,Duplex,29,0,7103,0
117 Rue Saint-Honoré,4,3,524,Apartment,36,0,7056,0
107 Rue Saint-Honoré,3,2,937,Villa,2,1,2959,0
29 Boulevard Saint-Germain,5,4,1305,Villa,23,1,3187,1
90 Rue de Vaugirard,13,3,688,Apartment,10,0,7931,0
170 Boulevard Saint-Germain,9,5,1392,Duplex,8,1,4752,1
59 Boulevard Saint-Germain,14,4,1204,Apartment,8,1,4187,0
154 Rue du Faubourg Saint-Honoré,17,4,1446,Villa,13,1,9434,0
163 Avenue Montaigne,8,1,1334,Apartment,2,1,4364,0
60 Rue de Rivoli,20,3,1208,Duplex,16,1,6883,0
177 Rue de Rivoli,19,5,344,Villa,21,1,2413,0
169 Boulevard Saint-Germain,2,5,1266,Apartment,32,1,1708,1
1 Rue de la Paix,4,3,885,Duplex,29,1,2661,0
141 Rue Saint-Honoré,4,4,1873,Duplex,36,1,6536,1
175 Rue de Rivoli,8,5,1281,Apartment,36,1,5269,1
65 Avenue des Champs-Élysées,7,5,1741,Apartment,18,0,2017,0
200 Rue de Rivoli,13,1,1418,Apartment,5,0,3422,0
77 Rue de la République,10,2,1951,Apartment,10,1,3837,1
155 Boulevard Haussmann,13,3,692,Villa,8,1,4877,0
137 Boulevard Haussmann,19,4,879,Apartment,35,1,3320,0
74 Boulevard Saint-Germain,17,1,1835,Apartment,19,1,3274,0
149 Avenue Montaigne,1,3,1502,Apartment,31,1,7375,1
144 Rue du Faubourg Saint-Honoré,1,3,1026,Apartment,28,0,5219,0
7 Boulevard Saint-Germain,17,5,1737,Apartment,28,1,9011,1
152 Avenue des Champs-Élysées,6,1,1340,Apartment,20,0,1074,1
126 Rue de la Paix,16,4,1912,Duplex,28,1,3862,0
75 Rue du Faubourg Saint-Honoré,6,5,952,Apartment,10,1,6570,0
71 Rue Saint-Honoré,10,2,1426,Apartment,22,1,1128,1
183 Rue Saint-Honoré,5,1,1074,Villa,15,1,7120,0
164 Boulevard Saint-Germain,14,3,1604,Villa,11,1,1156,1
197 Boulevard Saint-Germain,18,3,1206,Villa,5,1,6809,1
93 Avenue des Champs-Élysées,5,5,1102,Apartment,8,1,3449,0
47 Rue Saint-Honoré,17,3,1200,Villa,7,0,1808,1
189 Rue du Faubourg Saint-Honoré,15,1,1598,Apartment,4,0,1387,0
137 Rue de la République,20,2,795,Apartment,1,1,2796,0
95 Rue de la République,19,2,804,Duplex,22,1,1187,1
63 Avenue des Champs-Élysées,4,1,460,Apartment,24,1,6359,1
26 Rue du Faubourg Saint-Honoré,17,1,1567,Duplex,23,1,9913,1
165 Avenue des Champs-Élysées,19,4,1210,Villa,35,0,3776,0
39 Rue de la République,6,5,747,Apartment,12,0,1962,1
58 Boulevard Saint-Germain,8,1,783,Villa,23,0,3234,1
112 Avenue Montaigne,6,1,1734,Villa,10,0,2822,0
125 Boulevard Haussmann,5,4,1344,Duplex,2,1,4122,1
158 Rue Saint-Honoré,9,2,1603,Duplex,20,0,7705,0
10 Avenue des Champs-Élysées,9,4,1354,Apartment,21,0,5730,0
147 Boulevard Saint-Germain,10,5,606,Duplex,16,0,1703,1
47 Avenue des Champs-Élysées,17,2,1927,Apartment,28,1,2309,0
134 Avenue Montaigne,18,5,627,Duplex,31,1,4578,1
149 Rue de Vaugirard,9,5,1681,Villa,20,1,7620,0
38 Rue du Faubourg Saint-Honoré,5,2,779,Apartment,11,1,4686,0
74 Rue de Rivoli,6,3,622,Villa,19,1,3196,0
144 Boulevard Saint-Germain,2,1,387,Apartment,26,0,3369,0
10 Rue de Rivoli,18,1,1478,Duplex,29,1,2828,1
3 Rue de la République,15,5,1292,Duplex,15,1,7153,0
128 Avenue des Champs-Élysées,14,3,506,Apartment,20,1,6675,0
177 Rue Saint-Honoré,9,1,1934,Duplex,1,0,5436,1
101 Rue Saint-Honoré,3,3,918,Apartment,28,0,5010,0
3 Rue de la Paix,8,2,948,Duplex,23,1,5804,1
188 Rue de la République,2,2,1954,Apartment,9,0,4201,1
147 Avenue Montaigne,13,1,1851,Apartment,15,0,2131,0
34 Avenue des Champs-Élysées,18,1,1120,Duplex,14,1,2603,1
183 Rue de la République,9,1,1707,Apartment,9,0,2682,0
55 Rue de Vaugirard,2,5,1559,Duplex,6,0,8382,0
185 Rue de Vaugirard,10,3,486,Duplex,20,1,8441,1
135 Rue de la République,4,4,1222,Duplex,28,0,7334,0
129 Rue de Rivoli,18,3,419,Villa,7,0,8612,1
