Property_name,Property_type,Property_size,Total_rooms,Bedrooms,Bathrooms,Location,Price(Euros)
Montmartre - Sacré-coeur - Perfect pied-à-terre with amazing views,Apartments,39.0,3.0,1.0,1.0,"Paris, Ile-De-France, 75018 France",589999.0
Renovated flat with open view - Paris 4th - Marais,Apartments,41.0,2.0,1.0,1.0,"Paris, Ile-De-France, 75004 France",585000.0
Saint-Germain-des-Prés / rue Cassette,Apartments,37.0,4.0,1.0,2.0,"Paris, Ile-De-France, 75006 France",580000.0
Paris 8 - Champs-Elysées - Deux pièces - Dernier étage,Apartments,45.0,2.0,1.0,2.0,"Paris, Ile-De-France, 75008 France",580000.0
Saint-Germain-des-Prés,Apartments,28.0,4.0,1.0,2.0,"Paris, Ile-De-France, 75006 France",560000.0
Saint-Germain-des-Prés,Apartments,28.0,4.0,1.0,2.0,"Paris, Ile-De-France, 75006 France",560000.0
"PARIS 17, MONCEAU PARK",Apartments,43.0,4.0,1.0,2.0,"Paris, Ile-De-France, 75017 France",549999.0
House,Single Family Homes,40.0,4.0,1.0,2.0,"Paris, Ile-De-France, 75003 France",548999.0
Perfect Pied-à-terre in front of the Jardins du Luxembourg,Apartments,40.0,4.0,1.0,2.0,"Paris, Ile-De-France, 75006 France",530000.0
Paris 4th - Place des Vosges,Apartments,27.0,2.0,1.0,1.0,"Paris, Ile-De-France, 75004 France",524999.0
Paris 4th. Vosges/Sévigné. Quiet apartment with a view of a wooded garden,Apartments,36.0,4.0,1.0,2.0,"Paris, Ile-De-France, 75004 France",521999.0
Prestigious apartment for sale faubourg Saint Germain in Paris 7,Apartments,44.0,3.0,1.0,2.0,"Paris, Ile-De-France, 75006 France",448999.0
FOR SALE - Apartment - 1 bedroom - Lamarck-Caulaincourt - 75018 PARIS,Apartments,38.0,2.0,1.0,2.0,"Paris, Ile-De-France, 75018 France",425000.0
Studio/Saint Germain-Odéon,Apartments,26.875,1.0,3.0,3.0,"Paris, Ile-De-France, 75006 France",400000.0
Apartment,Apartments,26.875,1.0,3.0,1.0,"Paris, Ile-De-France, 75003 France",329000.0
Triplex,Apartments,207.875,8.0,4.5,4.5,"Paris, Ile-De-France, 75007 France",4828995.375
Prosperous house,Single Family Homes,207.875,8.0,4.5,4.5,"Paris, Ile-De-France, 75004 France",4828995.375
Apartment in Paris 8th - Place Beauvau,Apartments,207.875,8.0,3.0,4.5,"Paris, Ile-De-France, 75008 France",4828995.375
Triplex,Apartments,207.875,5.0,3.0,2.0,"Paris, Ile-De-France, 75004 France",4828995.375
"In a quiet and as in the countryside, magnificent property with works.",Single Family Homes,207.875,8.0,3.0,4.5,"Paris, Ile-De-France, 75007 France",4828995.375
Paris XVI - Art deco Penthouse opening on terraces,Apartments,207.875,8.0,4.0,4.0,"Paris, Ile-De-France, 75016 France",4828995.375
Mansion,Single Family Homes,207.875,8.0,4.5,4.5,"Paris, Ile-De-France, 75004 France",4828995.375
Paris 8th - Faubourg Saint-Honoré / Elysée - Private mansion,Single Family Homes,207.875,8.0,4.5,3.0,"Paris, Ile-De-France, 75008 France",4828995.375
Rare apartment by Jacques Garcia,Apartments,207.875,4.0,4.5,4.5,"Paris, Ile-De-France, 75016 France",4828995.375
Paris 16ème- AUTEUIL HIPPODROME,Apartments,207.875,4.0,4.0,3.0,"Paris, Ile-De-France, 75016 France",4828995.375
Paris XVI - Superb house nested in a private greenery environment,Single Family Homes,207.875,8.0,4.0,4.5,"Paris, Ile-De-France, 75016 France",4828995.375
Hôtel des Invalides - Paris 7th,Apartments,207.875,8.0,2.0,2.0,"Paris, Ile-De-France, 75007 France",4828995.375
Elegant renovated family apartment close to Rue du Bac,Apartments,207.875,7.0,3.0,3.0,"Paris, Ile-De-France, 75007 France",4828995.375
Trocadéro - Reception apartment with Eiffel Tower view,Apartments,207.875,4.0,4.0,4.5,"Paris, Ile-De-France, 75016 France",4828995.375
Apartment in Paris 16th - Pompe / Victor Hugo,Apartments,207.875,6.0,4.0,3.0,"Paris, Ile-De-France, 75016 France",4828995.375
Apartment,Apartments,207.875,6.0,3.0,4.5,"Paris, Ile-De-France, 75007 France",4828995.375
Magnificent family and reception apartment close to the Avenue Montaigne,Apartments,207.875,4.0,4.0,4.5,"Paris, Ile-De-France, 75008 France",4828995.375
Apartment in Paris 8th - Triangle d'Or,Apartments,207.875,8.0,4.5,4.5,"Paris, Ile-De-France, 75008 France",4828995.375
Prestigious apartment for sale golden triangle Paris 8,Apartments,192.0,5.0,3.0,3.0,"Paris, Ile-De-France, 75008 France",4828995.375
Apartment with garden - Bon Marché,Apartments,190.0,5.0,2.0,4.5,"Paris, Ile-De-France, 75006 France",4828995.375
Apartment,Apartments,207.875,4.0,2.0,4.5,"Paris, Ile-De-France, 75004 France",4828995.375
Duplex,Duplex Homes,194.0,4.0,4.5,4.5,"Paris, Ile-De-France, 75006 France",4828995.375
Palais de l'Elysée - Place Beauvau,Duplex Homes,205.0,5.0,3.0,4.5,"Paris, Ile-De-France, 75008 France",4828995.375
Prestigious property - Paris VII - Saint Germain des Prés,Apartments,188.0,5.0,3.0,4.5,"Paris, Ile-De-France, 75007 France",4828995.375
Mansion,Single Family Homes,207.875,8.0,4.0,4.5,"Paris, Ile-De-France, 75116 France",4828995.375
Elegant bright family apartment with balcony in Paris 16th.,Apartments,207.875,7.0,4.0,3.0,"Paris, Ile-De-France, 75016 France",4828995.375
Apartment in Paris 16th - Henri Martin,Apartments,207.875,6.0,3.0,3.0,"Paris, Ile-De-France, 75016 France",4828995.375
"Rare townhouse with garden, in the heart of the Gros Caillou district.",Townhouse,207.875,8.0,4.5,4.0,"Paris, Ile-De-France, 75007 France",4828995.375
luxury apartment for sale paris 7,Apartments,207.875,8.0,4.5,4.5,"Paris, Ile-De-France, 75007 France",4828995.375
Bright duplex apartment with balconies in Paris,Apartments,207.875,5.0,1.0,3.0,"Paris, Ile-De-France, 75004 France",4828995.375
Saint-Germain-des-Prés,Duplex Homes,171.0,4.0,2.0,4.5,"Paris, Ile-De-France, 75006 France",4828995.375
Apartment,Apartments,178.0,4.0,2.0,4.5,"Paris, Ile-De-France, 75008 France",4828995.375
Paris Jardin du Trocadéro three-bedroom apartment exceptional Eiffel Tower view,Apartments,207.875,4.0,3.0,4.5,"Paris, Ile-De-France, 75016 France",4828995.375
Paris 8th - An elegant 189 sq.m mansion - Commercial use,Single Family Homes,143.0,5.0,3.0,3.0,"Paris, Ile-De-France, 75008 France",4828995.375
Duplex,Duplex Homes,207.875,8.0,4.5,3.0,"Paris, Ile-De-France, 75007 France",4828995.375
Apartment,Apartments,178.0,4.0,3.0,3.0,"Paris, Ile-De-France, 75008 France",4828995.375
Apartment in Paris 16th - Trocadéro,Apartments,207.875,5.0,3.0,3.0,"Paris, Ile-De-France, 75016 France",4828995.375
Apartment with terraces for sale in Paris 16th - Passy,Apartments,207.875,4.0,3.0,4.5,"Paris, Ile-De-France, 75016 France",4828995.375
Quai Voltaire,Duplex Homes,207.875,4.0,2.0,4.5,"Paris, Ile-De-France, 75007 France",4828995.375
Hoche / Parc Monceau,Single Family Homes,207.875,8.0,4.5,4.5,"Paris, Ile-De-France, 75008 France",4828995.375
Hôtel particulier Paris 17ème - Pereire,Single Family Homes,207.875,8.0,4.5,4.0,"Paris, Ile-De-France, 75017 France",4828995.375
Saint-Germain-des- Prés-/Rue Bonaparte,Apartments,165.0,5.0,2.0,4.5,"Paris, Ile-De-France, 75006 France",4828995.375
Paris 7th - Rue du Bac beautiful renovated house,Duplex Homes,156.0,4.0,4.0,4.5,"Paris, Ile-De-France, 75007 France",4828995.375
Paris V - Family and reception apartment place du Panthéon,Apartments,207.875,7.0,4.5,4.5,"Paris, Ile-De-France, 75005 France",4828995.375
Avenue Montaigne,Apartments,163.0,6.0,3.0,4.0,"Paris, Ile-De-France, 75008 France",2827848.0
Apartment,Apartments,207.875,4.0,2.0,3.0,"Paris, Ile-De-France, 75003 France",4828995.375
Golden Triangle: a rare 3 bedroom turnkey apartment,Apartments,158.0,4.0,3.0,3.0,"Paris, Ile-De-France, 75008 France",4828995.375
PARIS XVII - Villa des Ternes,Duplex Homes,207.875,4.0,4.0,4.5,"Paris, Ile-De-France, 75017 France",4828995.375
Apartment in Paris 8th - Triangle d'or,Apartments,158.0,6.0,3.0,4.5,"Paris, Ile-De-France, 75008 France",4828995.375
Apartment in Paris 16th - Marceau / Pierre de Serbie,Apartments,207.875,4.0,3.0,3.0,"Paris, Ile-De-France, 75116 France",4725000.0
Victor Hugo - Trocadéro,Duplex Homes,207.875,4.0,4.0,3.0,"Paris, Ile-De-France, 75016 France",4700000.0
"Parc Monceau, magnificent reception apartment!",Apartments,207.875,7.0,3.0,4.5,"Paris, Ile-De-France, 75008 France",4639999.0
Apartment in Paris 16th - Victor Hugo,Apartments,207.875,8.0,4.5,4.0,"Paris, Ile-De-France, 75016 France",4580000.0
Prestige apartment : A contemporary apartment near Quai Voltaire,Apartments,203.0,4.0,2.0,4.0,"Paris, Ile-De-France, 75007 France",4499999.0
Apartment in Paris 16th - Trocadéro,Apartments,145.0,5.0,3.0,4.0,"Paris, Ile-De-France, 75016 France",4499999.0
Apartment in Paris 16th - Trocadéro,Apartments,201.0,4.0,2.0,2.0,"Paris, Ile-De-France, 75116 France",4479999.0
PARIS 8 - GOLDEN TRIANGLE,Apartments,200.0,4.0,2.0,3.0,"Paris, Ile-De-France, 75008 France",4400000.0
"Appartement de Luxe - 16ème Arrondissement, Paris",Apartments,207.875,7.0,4.5,4.0,"Paris, Ile-De-France, 75016 France",4380000.0
Place Vendôme / Saint-Honoré - apartment with Parisian charm,Apartments,178.0,6.0,3.0,3.0,"Paris, Ile-De-France, 75001 France",4350000.0
Private mansion,Single Family Homes,207.875,7.0,4.0,4.5,"Paris, Ile-De-France, 75116 France",4350000.0
Family property with balconies close to the Jardin du Ranelagh,Apartments,207.875,6.0,3.0,3.0,"Paris, Ile-De-France, 75116 France",4299999.0
Trinité,Apartments,207.875,7.0,4.0,4.5,"Paris, Ile-De-France, 75009 France",4299999.0
Apartment in Paris 6th - Saint-Sulpice,Apartments,137.0,5.0,2.0,4.0,"Paris, Ile-De-France, 75006 France",4299999.0
Paris 1st - Rue de Rivoli / Tuileries,Apartments,207.875,4.0,3.0,4.5,"Paris, Ile-De-France, 75001 France",4199999.0
family and reception apartment close to the Jardins du Trocadéro.,Apartments,207.875,5.0,4.0,2.0,"Paris, Ile-De-France, 75116 France",4159999.0
"Avenue Montaigne. Pied-à-terre with terrace, two suites, a box.",Apartments,116.0,3.0,2.0,4.5,"Paris, Ile-De-France, 75008 France",3990000.0
Friedland Faubourg Saint-Honoré,Apartments,207.875,5.0,3.0,4.0,"Paris, Ile-De-France, 75008 France",3990000.0
House in Paris 14th - Alésia,Townhouse,207.875,8.0,4.5,3.0,"Paris, Ile-De-France, 75014 France",3980000.0
Apartment,Apartments,207.875,4.0,4.5,4.5,"Paris, Ile-De-France, 75017 France",3960000.0
Apartment in Paris 16th - Trocadéro,Apartments,207.875,5.0,4.0,4.5,"Paris, Ile-De-France, 75016 France",3949999.0
6-bedroom family apartment.,Apartments,207.875,8.0,4.5,4.5,"Paris, Ile-De-France, 75008 France",3899999.0
Duplex,Apartments,197.0,4.0,2.0,3.0,"Paris, Ile-De-France, 75008 France",3890000.0
PARIS 8 - GOLDEN TRIANGLE,Apartments,200.0,4.0,2.0,3.0,"Paris, Ile-De-France, 75008 France",3800000.0
Appartement de 302 m² aux beaux volumes - Paris 17ème - Etoile,Apartments,207.875,8.0,3.0,3.0,"Paris, Ile-De-France, 75017 France",3780000.0
Apartment in Paris 16th - La Muette,Apartments,207.875,6.0,3.0,4.5,"Paris, Ile-De-France, 75016 France",3750000.0
Saint-Germain-des-Prés Cherche-Midi,Townhouse,113.0,5.0,2.0,4.5,"Paris, Ile-De-France, 75006 France",3685000.0
Sole Agent - Nice three bedrooms apartment,Apartments,140.0,5.0,3.0,4.0,"Paris, Ile-De-France, 75007 France",3640000.0
Family home near Batignolles,Single Family Homes,207.875,4.0,4.5,4.5,"Paris, Ile-De-France, 75017 France",3624999.0
Apartment in Paris 17th - Plaine Monceau,Apartments,207.875,8.0,4.5,4.5,"Paris, Ile-De-France, 75017 France",3599999.0
Paris VI - Stunning Reception Apartment,Apartments,143.0,4.0,2.0,2.0,"Paris, Ile-De-France, 75006 France",3520000.0
Apartment,Apartments,168.0,4.0,3.0,4.5,"Paris, Ile-De-France, 75008 France",3500000.0
Apartment in Paris 5th - Notre Dame,Apartments,170.0,4.0,3.0,3.0,"Paris, Ile-De-France, 75005 France",3500000.0
Apartment in Paris 16th - Passy,Apartments,179.0,6.0,2.0,4.5,"Paris, Ile-De-France, 75016 France",3500000.0
Apartment in Paris 16th - Foch,Apartments,205.0,5.0,3.0,4.5,"Paris, Ile-De-France, 75116 France",3394999.0
SUPERBE APPARTEMENT - PLEINE VUE TOUR EIFFEL,Apartments,114.0,5.0,2.0,4.0,"Paris, Ile-De-France, 75007 France",3390000.0
APPARTEMENT TRIANGLE D'OR - PARIS 8,Apartments,100.0,4.0,2.0,3.0,"Paris, Ile-De-France, 75008 France",3365000.0
Gros Caillou Université - Beautiful through apartment - 4 Bedrooms,Apartments,207.875,6.0,4.0,4.0,"Paris, Ile-De-France, 75007 France",3349999.0
PARIS 8 - GOLDEN TRIANGLE / MONTAIGNE / CHAMPS-ÉLYSÉES,Apartments,190.0,6.0,3.0,3.0,"Paris, Ile-De-France, 75008 France",3300000.0
Pompe Victor Hugo superbe appartement en parfait état,Apartments,207.875,4.0,4.0,4.5,"Paris, Ile-De-France, 75016 France",3290000.0
Place Vendôme Marché Saint-Honoré,Duplex Homes,123.0,4.0,2.0,4.0,"Paris, Ile-De-France, 75001 France",3279999.0
FOR SALE - Apartment - Rare volumes of reception - St Georges - 75009 PARIS,Apartments,181.0,3.0,2.0,4.0,"Paris, Ile-De-France, 75009 France",3250000.0
Family and reception flat - Paris 16th - Foch-Victor Hugo,Apartments,207.875,4.0,4.5,4.0,"Paris, Ile-De-France, 75116 France",3189999.0
Appartement familial et de réception,Apartments,207.875,6.0,3.0,3.0,"Paris, Ile-De-France, 75116 France",3149999.0
Private mansion in the heart of Saint-Germain-des-Prés'district,Townhouse,176.0,5.0,3.0,4.0,"Paris, Ile-De-France, 75006 France",3119999.0
FOR SALE - Elegant apartment - 4 bedrooms - PLACE SAINT-GEORGES - 75009 PARIS,Apartments,178.0,6.0,4.0,4.5,"Paris, Ile-De-France, 75009 France",3119999.0
PARIS XVI - Magnificent reception apartment with all the charm of the old,Apartments,207.875,4.0,3.0,4.0,"Paris, Ile-De-France, 75016 France",3099999.0
Paris 16th - Charming reception apartment just steps away from Avenue Foch.,Apartments,207.875,6.0,3.0,4.0,"Paris, Ile-De-France, 75116 France",3000000.0
Apartment in Paris 16th - Foch,Apartments,207.875,8.0,3.0,4.0,"Paris, Ile-De-France, 75016 France",3000000.0
Apartment in Paris 7th - Champ de Mars,Apartments,124.0,4.0,4.0,3.0,"Paris, Ile-De-France, 75007 France",2990000.0
Beautiful renovated apartment,Apartments,158.0,6.0,4.0,4.5,"Paris, Ile-De-France, 75007 France",2990000.0
PARIS 8 - GOLDEN TRIANGLE / MONTAIGNE / PLACE FRANÇOIS 1ST,Apartments,154.0,5.0,3.0,4.0,"Paris, Ile-De-France, 75008 France",2970000.0
Appartement vue Tour Eiffel - Paris 16ème - Trocadéro,Apartments,207.875,8.0,3.0,4.0,"Paris, Ile-De-France, 75016 France",2950000.0
Observatoire - Charming apartment with garden,Apartments,140.0,5.0,3.0,4.0,"Paris, Ile-De-France, 75014 France",2950000.0
Duplex en dernier étage de 211m² refait par architecte,Apartments,207.875,4.0,3.0,3.0,"Paris, Ile-De-France, 75011 France",2950000.0
Apartment in Paris 5th - Jardin du Luxembourg,Apartments,197.0,6.0,3.0,4.5,"Paris, Ile-De-France, 75005 France",2939999.0
"Place Vendôme, pied-à-terre.",Apartments,133.0,4.0,2.0,4.5,"Paris, Ile-De-France, 75001 France",2900000.0
Paris XVI- Ranelagh - Muette,Apartments,182.0,6.0,3.0,4.0,"Paris, Ile-De-France, 75016 France",2889999.0
Maison Paris 11eme,Single Family Homes,205.0,6.0,4.0,4.5,"Paris, Ile-De-France, 75011 France",2889999.0
Apartment,Apartments,106.0,4.0,2.0,1.0,"Paris, Ile-De-France, 75008 France",2799999.0
Duplex,Apartments,174.0,5.0,3.0,4.5,"Paris, Ile-De-France, 75007 France",2790000.0
148 sq.m. renovated family flat - Paris 3rd - Square du Temple,Apartments,148.0,5.0,3.0,4.0,"Paris, Ile-De-France, 75003 France",2790000.0
Rue des Saints-Pères - Elegant reception appartment,Apartments,126.0,5.0,2.0,3.0,"Paris, Ile-De-France, 75006 France",2700000.0
Apartment in Paris 16th - Foch,Apartments,177.0,5.0,3.0,3.0,"Paris, Ile-De-France, 75016 France",2689999.0
Iéna - Place des États-Unis,Apartments,207.875,4.0,4.0,3.0,"Paris, Ile-De-France, 75016 France",2652000.0
FOR SALE - Apartment - Commercial space - 75003 PARIS - Rambuteau - Le Marais,Apartments,126.0,4.0,2.0,4.5,"Paris, Ile-De-France, 75003 France",2650000.0
Exceptional apartment with view onto private gardens,Apartments,84.0,2.0,1.0,2.0,"Paris, Ile-De-France, 75007 France",2625000.0
Paris 5 - Charming 1 bedroom pied-à-terre on courtyard and seine,Apartments,93.0,4.0,1.0,2.0,"Paris, Ile-De-France, 75005 France",2600000.0
APPARTEMENT DE RECEPTION - COEUR MARAIS,Apartments,202.0,8.0,4.0,4.5,"Paris, Ile-De-France, 75004 France",2589999.0
Paris 17th. Etoile,Apartments,194.0,4.0,3.0,4.5,"Paris, Ile-De-France, 75017 France",2549999.0
Apartment in Paris 5th - Notre-Dame / Ile de la Cité,Apartments,97.0,4.0,2.0,3.0,"Paris, Ile-De-France, 75005 France",2519999.0
Apartment with terrace in front of the Jardins du Luxembourg,Apartments,122.0,4.0,1.0,4.0,"Paris, Ile-De-France, 75006 France",2514000.0
Family apartment on the last floor with terrace close to the Bon Marché,Apartments,135.0,4.0,4.0,4.0,"Paris, Ile-De-France, 75007 France",2499999.0
Zilveli House by Jean-Paul Goude,Land,207.875,4.0,3.0,3.0,"Paris, Ile-De-France, 75019 France",2499999.0
Golden Triangle: three-bedroom apartment with luxurious renovation,Apartments,146.0,4.0,3.0,3.0,"Paris, Ile-De-France, 75008 France",2495999.0
Paris 1st - Saint-Germain-l'Auxerrois. Reception apartment with stunning views.,Apartments,117.0,4.0,2.0,2.0,"Paris, Ile-De-France, 75001 France",2495000.0
House 30min from Paris,Single Family Homes,207.875,8.0,4.5,4.5,"Paris, Ile-De-France, 75011 France",2490000.0
Atelier d'Artiste,Single Family Homes,168.0,6.0,1.0,4.0,"Paris, Ile-De-France, 75014 France",2484000.0
Family apartment - 4 bedrooms - PARIS XVI,Apartments,172.0,6.0,4.0,4.5,"Paris, Ile-De-France, 75016 France",2479999.0
Gros Caillou - Three bedrooms apartment with work.,Apartments,173.0,6.0,4.0,3.0,"Paris, Ile-De-France, 75007 France",2459999.0
Family apartment - 4 bedrooms - PARIS XVI,Apartments,172.0,6.0,4.0,4.5,"Paris, Ile-De-France, 75016 France",2389999.0
Paris 7th - Apartment 2 bedrooms,Apartments,75.0,4.0,2.0,4.0,"Paris, Ile-De-France, 75007 France",2380000.0
BEAUTIFUL FAMILY APARTMENT - OPEN VIEW,Apartments,154.0,4.0,3.0,4.5,"Paris, Ile-De-France, 75016 France",2350000.0
Paris V - Magnificent apartment with all the charm of the old,Apartments,160.0,4.0,4.0,3.0,"Paris, Ile-De-France, 75005 France",2350000.0
Paris 10ème - 5 pièces 4 chambres de 170m² refait à neuf,Apartments,169.0,5.0,4.0,4.0,"Paris, Ile-De-France, 75010 France",2300000.0
Apartment in Paris 16th - Trocadéro,Apartments,86.0,3.0,1.0,2.0,"Paris, Ile-De-France, 75016 France",2280000.0
Magnifique appartement entièrement rénové rue de l'Odéon,Apartments,103.0,4.0,2.0,4.0,"Paris, Ile-De-France, 75006 France",2269999.0
Paris VII- EXCLUSIVITY - Family apartment rue de Verneuil,Apartments,128.0,6.0,4.0,2.0,"Paris, Ile-De-France, 75007 France",2249999.0
Top floor - Eiffel Tower view,Apartments,176.0,4.0,4.0,4.0,"Paris, Ile-De-France, 75015 France",2249999.0
Appartement familial et de réception,Apartments,152.0,4.0,3.0,4.5,"Paris, Ile-De-France, 75017 France",2240000.0
Apartment,Apartments,108.0,4.0,2.0,3.0,"Paris, Ile-De-France, 75006 France",2195000.0
Saint-Germain des Prés,Duplex Homes,104.0,4.0,1.0,2.0,"Paris, Ile-De-France, 75006 France",2190000.0
Paris 18th - Montmartre - Apartment with Garden Renovated by an Architect,Apartments,87.0,4.0,2.0,3.0,"Paris, Ile-De-France, 75018 France",2190000.0
FOR SALE - Exceptional apartment - Odeon - 75006 PARIS,Apartments,87.0,3.0,3.0,3.0,"Paris, Ile-De-France, 75006 France",2190000.0
Paris VII - Ségur - top floor apartment in perfect condition,Apartments,123.0,4.0,3.0,2.0,"Paris, Ile-De-France, 75007 France",2190000.0
Paris 8 - Madeleine - Beautiful and renovated 3 BR apartment with balcony,Apartments,148.0,5.0,4.0,2.0,"Paris, Ile-De-France, 75008 France",2190000.0
Appartement familial 4 chambres - Vue dégagée,Apartments,173.0,6.0,4.0,3.0,"Paris, Ile-De-France, 75010 France",2179999.0
Passy,Apartments,154.0,5.0,3.0,4.5,"Paris, Ile-De-France, 75016 France",2154999.0
Duplex penthouse with terrace - Paris 14th district - Alesia,Apartments,117.0,4.0,3.0,4.5,"Paris, Ile-De-France, 75014 France",2154999.0
"Avenue Montaigne, Plaza Athénée, Pied-à-terre with two bedrooms.",Apartments,76.0,4.0,2.0,4.0,"Paris, Ile-De-France, 75008 France",2150000.0
Apartment in Paris 16th - Jasmin,Apartments,194.0,6.0,4.0,4.0,"Paris, Ile-De-France, 75016 France",2140000.0
Top floor with terrace at Saint-Germain-des-Prés,Duplex Homes,112.0,4.0,3.0,3.0,"Paris, Ile-De-France, 75006 France",2120000.0
Apartment in Paris 16th - Place des Etats-Unis,Apartments,207.875,5.0,4.0,3.0,"Paris, Ile-De-France, 75016 France",2100000.0
Paris 4th - Top floor apartment with panoramic terrace and monument views,Apartments,101.0,4.0,2.0,1.0,"Paris, Ile-De-France, 75004 France",2080000.0
PARIS 16 - CHURCH OF AUTEUIL,Apartments,159.0,6.0,3.0,3.0,"Paris, Ile-De-France, 75016 France",2050000.0
Apartment in Paris 11th - Bastille Popincourt / Charonne,Apartments,188.0,4.0,4.0,4.0,"Paris, Ile-De-France, 75011 France",1999999.0
Paris IX - Magnifique atelier rue des Martyrs,Apartments,153.0,6.0,4.0,4.0,"Paris, Ile-De-France, 75009 France",1995999.0
Loft-style apartment - Marché de Lévis - Villiers - 2 Rooms,Apartments,145.0,4.0,2.0,4.0,"Paris, Ile-De-France, 75017 France",1989999.0
Family apartment with terrace and balcony - Pereire-Ampère,Apartments,146.0,5.0,3.0,3.0,"Paris, Ile-De-France, 75017 France",1989999.0
Nice bright apartment on the last floors with balconies and unobstructed views.,Apartments,100.0,4.0,2.0,4.0,"Paris, Ile-De-France, 75018 France",1989999.0
Charming duplex Saint Germain Des Prés center Paris,Apartments,108.0,4.0,2.0,4.0,"Paris, Ile-De-France, 75007 France",1989999.0
Paris 18th - Montmartre - Apartment with Garden Renovated by an Architect,Apartments,87.0,3.0,2.0,3.0,"Paris, Ile-De-France, 75018 France",1989999.0
Duplex for sale in Paris 4rd arr. - Place des Vosges.,Apartments,87.0,4.0,2.0,2.0,"Paris, Ile-De-France, 75004 France",1989999.0
Apartment,Apartments,130.0,4.0,3.0,3.0,"Paris, Ile-De-France, 75011 France",1989999.0
5-room apartment - Paris 10th - Gare de l'Est / Canal Saint-Martin,Apartments,149.0,5.0,3.0,4.0,"Paris, Ile-De-France, 75010 France",1980000.0
Apartment in Paris 16th - Dauphine,Apartments,136.0,5.0,3.0,4.0,"Paris, Ile-De-France, 75016 France",1974999.0
Charming apartment with stunning views in Paris 5th.,Apartments,142.0,4.0,2.0,2.0,"Paris, Ile-De-France, 75005 France",1969999.0
Paris 11. Loft de 170m² avec terrasse,Apartments,168.0,4.0,3.0,4.0,"Paris, Ile-De-France, 75011 France",1969999.0
Apartment,Apartments,89.0,5.0,2.0,2.0,"Paris, Ile-De-France, 75018 France",1920000.0
Apartment,Apartments,114.0,8.0,4.5,3.0,"Paris, Ile-De-France, 75006 France",1899999.0
Paris 9 - 3 bedrooms apartment in the heart of the theater district,Apartments,145.0,4.0,3.0,2.0,"Paris, Ile-De-France, 75009 France",1895000.0
FOR SALE. - PARIS 0 - Apartment - 3 bedrooms - parking,Apartments,156.0,5.0,3.0,4.0,"Paris, Ile-De-France, 75009 France",1895000.0
Tuileries Garden / Place Vendôme - Beautiful Apartment,Apartments,72.0,2.0,1.0,2.0,"Paris, Ile-De-France, 75001 France",1890000.0
Passy - Kennedy : Beautiful apartment with views,Apartments,150.0,4.0,4.5,3.0,"Paris, Ile-De-France, 75016 France",1890000.0
7th Arrondissement - Bac,Apartments,119.0,5.0,3.0,4.0,"Paris, Ile-De-France, 75007 France",1890000.0
Apartment in Paris 9th - Avenue Fochot,Apartments,96.0,4.0,1.0,2.0,"Paris, Ile-De-France, 75009 France",1879999.0
PARIS 15 - PENTHOUSE WITH TERRACES,Apartments,136.0,5.0,3.0,4.0,"Paris, Ile-De-France, 75015 France",1874999.0
Paris 7th - 2 bedrooms - Gros caillou,Apartments,89.0,4.0,2.0,4.0,"Paris, Ile-De-France, 75007 France",1872000.0
Lovely renovated apartment with terrace in the heart of Paris.,Apartments,102.0,4.0,2.0,4.0,"Paris, Ile-De-France, 75002 France",1850000.0
"PARIS 17, TRIUMPHAL ARCH",Apartments,139.0,5.0,3.0,3.0,"Paris, Ile-De-France, 75017 France",1850000.0
Apartment in Paris 9th - Saint Georges,Apartments,125.0,4.0,4.0,4.5,"Paris, Ile-De-France, 75009 France",1840000.0
Paris 17th / Villa des Ternes,Duplex Homes,118.0,4.0,2.0,4.5,"Paris, Ile-De-France, 75017 France",1820000.0
Family apartment - 5 bedrooms - VILLAGE d'AUTEUIL - PARIS XVI,Apartments,159.0,7.0,4.5,4.0,"Paris, Ile-De-France, 75016 France",1800000.0
Contemporary house on 3 levels - Paris 19th - Bolivar,Single Family Homes,207.875,4.0,3.0,4.5,"Paris, Ile-De-France, 75019 France",1798000.0
Apartment in Paris 8th - Montaigne / François 1er,Apartments,84.0,3.0,2.0,3.0,"Paris, Ile-De-France, 75008 France",1789999.0
3-room apartment - Paris 16th - Victor Hugo,Apartments,113.0,3.0,2.0,2.0,"Paris, Ile-De-France, 75016 France",1750000.0
Paris 20th - Saint-Blaise - Superb loft with Gustave Eiffel glass roof.,Apartments,207.875,5.0,2.0,4.0,"Paris, Ile-De-France, 75020 France",1750000.0
Perfect pied-a-terre VII,Apartments,82.0,3.0,2.0,4.0,"Paris, Ile-De-France, 75006 France",1750000.0
APPARTEMENT TRIANGLE D'OR - PARIS 8ème,Apartments,55.0,2.0,1.0,2.0,"Paris, Ile-De-France, 75008 France",1750000.0
Apartment in Paris 16th - Ranelagh,Apartments,120.0,4.0,3.0,3.0,"Paris, Ile-De-France, 75016 France",1739999.0
Apartment in Paris 16th - Belles Feuilles / Victor Hugo,Apartments,133.0,4.0,3.0,4.0,"Paris, Ile-De-France, 75016 France",1735000.0
Apartment for sale in Paris 15th - Seine,Apartments,134.0,5.0,3.0,4.0,"Paris, Ile-De-France, 75015 France",1694999.0
Paris 13 - 102m² apartment with 80m² terrace,Apartments,180.0,3.0,2.0,1.0,"Paris, Ile-De-France, 75013 France",1694999.0
Apartment in Paris 19th - Saint Georges,Apartments,115.0,4.0,3.0,4.0,"Paris, Ile-De-France, 75009 France",1690000.0
Paris 6th - Superb apartment on the top floor with balcony and exceptional views,Apartments,50.0,4.0,1.0,2.0,"Paris, Ile-De-France, 75006 France",1690000.0
Perfect pied-à-terre - Place Vendôme,Apartments,86.0,3.0,2.0,1.0,"Paris, Ile-De-France, 75001 France",1690000.0
Elegant 5 rooms - Paris XVI,Apartments,136.0,5.0,2.0,3.0,"Paris, Ile-De-France, 75016 France",1690000.0
Perfect condition-Saint-Germain de Prés-Two bedrooms,Apartments,79.0,3.0,2.0,2.0,"Paris, Ile-De-France, 75005 France",1680000.0
Paris 12 - Daumesnil - Apartment with double terrace,Apartments,140.0,4.0,2.0,3.0,"Paris, Ile-De-France, 75012 France",1669999.0
FOR SALE - Apartment - Bourse du Commerce - 75001 PARIS - 2 bedrooms - 1 office,Apartments,100.0,4.0,3.0,4.0,"Paris, Ile-De-France, 75001 France",1669999.0
Trinité,Apartments,114.0,4.0,2.0,4.0,"Paris, Ile-De-France, 75009 France",1669999.0
Sole Agent - Crossing apartment with balcony,Apartments,101.0,4.0,2.0,4.0,"Paris, Ile-De-France, 75009 France",1665000.0
Rue du Bac : perfect renovated pied-à-terre.,Apartments,73.0,3.0,2.0,2.0,"Paris, Ile-De-France, 75007 France",1649999.0
High floor family apartment with balcony - Ternes/Maillot,Apartments,135.0,5.0,3.0,2.0,"Paris, Ile-De-France, 75017 France",1649999.0
Paris 16 - Art Deco apartment,Apartments,148.0,5.0,3.0,4.5,"Paris, Ile-De-France, 75016 France",1644999.0
Paris 8th - Golden Triangle - Luxurious apartment with terraces,Apartments,96.0,3.0,2.0,2.0,"Paris, Ile-De-France, 75008 France",1620000.0
Perfect Pied-à-terre / Rive Gauche,Apartments,90.0,4.0,2.0,2.0,"Paris, Ile-De-France, 75007 France",1599999.0
Family apartment to renovate - Porte Maillo,Apartments,125.0,5.0,3.0,2.0,"Paris, Ile-De-France, 75116 France",1599999.0
Prestigious apartment facing the Luxembourg Gardens,Apartments,104.0,5.0,3.0,3.0,"Paris, Ile-De-France, 75006 France",1599999.0
Paris 9 - Appartement 4 pièces 3 chambres de 125m²,Apartments,123.0,4.0,3.0,3.0,"Paris, Ile-De-France, 75009 France",1599999.0
Place Vendôme perfect pied-à-terre,Apartments,84.0,3.0,2.0,1.0,"Paris, Ile-De-France, 75001 France",1598999.0
Triplex,Apartments,92.0,3.0,2.0,3.0,"Paris, Ile-De-France, 75006 France",1590000.0
Paris 6 - rue Vavin-jardin du Luxembourg,Apartments,96.0,4.0,3.0,2.0,"Paris, Ile-De-France, 75006 France",1590000.0
"Superb pied-à-terre on avenue d'Iéna to renovate, Paris XVI.",Apartments,133.0,3.0,1.0,4.0,"Paris, Ile-De-France, 75016 France",1590000.0
Apartment,Apartments,119.0,4.0,2.0,2.0,"Paris, Ile-De-France, 75003 France",1579999.0
PARIS 8TH - Saint Augustin,Apartments,129.0,5.0,3.0,3.0,"Paris, Ile-De-France, 75008 France",1579999.0
Paris 9 - Place Saint Georges - elegant apartment like a boutique hôtel suite,Apartments,106.0,4.0,1.0,2.0,"Paris, Ile-De-France, 75009 France",1550000.0
"Avenue Foch, belle opportunité",Apartments,148.0,4.0,3.0,3.0,"Paris, Ile-De-France, 75016 France",1550000.0
Apartment for sale in Paris 3rd arr. - rue des Tournelles.,Apartments,127.0,5.0,3.0,2.0,"Paris, Ile-De-France, 75003 France",1529999.0
Paris 16 - Family apartment with terrace,Apartments,168.0,7.0,4.0,4.5,"Paris, Ile-De-France, 75016 France",1520000.0
Apartment in Paris 2nd - Place des Victoires,Apartments,102.0,4.0,3.0,3.0,"Paris, Ile-De-France, 75002 France",1520000.0
Appartement de réception avenue de la Grande Armée,Apartments,128.0,3.0,1.0,3.0,"Paris, Ile-De-France, 75017 France",1495000.0
Apartment,Apartments,68.0,3.0,2.0,4.0,"Paris, Ile-De-France, 75001 France",1489999.0
Familial apartment- 75017/Niel,Apartments,141.0,6.0,4.0,3.0,"Paris, Ile-De-France, 75017 France",1489999.0
Appartement familial - Vue dégagée - Paris XVI,Apartments,124.0,5.0,3.0,3.0,"Paris, Ile-De-France, 75016 France",1489999.0
Renovated and bright top floor apartment with a view of Les Invalides,Apartments,103.0,4.0,2.0,2.0,"Paris, Ile-De-France, 75007 France",1480000.0
Paris VIe - Saint Sulpice,Apartments,77.0,4.0,3.0,2.0,"Paris, Ile-De-France, 75006 France",1480000.0
Paris 18 - Amazing apartment with a private garden in the heart of Montmartre,Apartments,71.0,4.0,2.0,1.0,"Paris, Ile-De-France, 75018 France",1469999.0
Apartment,Apartments,94.0,3.0,2.0,3.0,"Paris, Ile-De-France, 75017 France",1469999.0
Apartment,Apartments,98.0,5.0,2.0,2.0,"Paris, Ile-De-France, 75009 France",1450000.0
Open-plan family flat - Vaugirard - Paris 15th,Apartments,130.0,4.0,3.0,2.0,"Paris, Ile-De-France, 75015 France",1450000.0
Victor Hugo/rue de la Pompe,Apartments,88.0,4.0,2.0,2.0,"Paris, Ile-De-France, 75016 France",1390000.0
Family duplex - Paris 4th - Rambuteau district,Duplex Homes,125.0,5.0,4.0,2.0,"Paris, Ile-De-France, 75004 France",1390000.0
EXCLUSIVITÉ - Paris 1er - Louvre /Rivoli - Charmant appartement Familial,Apartments,106.0,5.0,4.0,3.0,"Paris, Ile-De-France, 75001 France",1390000.0
Paris 7 - Gros Caillou/Saint Dominique,Apartments,91.0,4.0,2.0,2.0,"Paris, Ile-De-France, 75007 France",1390000.0
PARIS XVI - Family apartment - 4 bedrooms,Apartments,150.0,6.0,4.0,4.5,"Paris, Ile-De-France, 75016 France",1390000.0
Paris XVI - La Fontaine - Castel Béranger,Apartments,83.0,4.0,1.0,2.0,"Paris, Ile-De-France, 75016 France",1380000.0
FOR SALE - Apartment as a loft - 75003 PARIS - Arts et Métiers - Rambuteau,Apartments,71.0,3.0,1.0,2.0,"Paris, Ile-De-France, 75003 France",1380000.0
Appartement vue dégagée,Apartments,117.0,4.0,2.0,2.0,"Paris, Ile-De-France, 75016 France",1374999.0
Apartment,Apartments,56.0,4.0,2.0,2.0,"Paris, Ile-De-France, 75006 France",1360000.0
Apartment,Apartments,56.0,4.0,1.0,2.0,"Paris, Ile-De-France, 75006 France",1360000.0
Pereire / Batignolles,Apartments,127.0,4.0,2.0,3.0,"Paris, Ile-De-France, 75017 France",1354999.0
Garden level in a building with swimming pool.,Apartments,43.0,2.0,1.0,2.0,"Paris, Ile-De-France, 75007 France",1349999.0
Magnificent renovated 2-room apartment - Eiffel Tower view - Gros Caillou,Apartments,50.0,4.0,1.0,1.0,"Paris, Ile-De-France, 75007 France",1349999.0
Paris 3 Rambuteau 2/3 pièces traversant,Apartments,96.0,3.0,1.0,2.0,"Paris, Ile-De-France, 75003 France",1349999.0
Paris 9th - Renovated family apartment,Apartments,102.0,4.0,3.0,3.0,"Paris, Ile-De-France, 75009 France",1349999.0
Duplex,Duplex Homes,76.0,4.0,2.0,3.0,"Paris, Ile-De-France, 75012 France",1348999.0
Apartment in Paris 9th - Saint Georges-Martyrs,Apartments,83.0,4.0,3.0,2.0,"Paris, Ile-De-France, 75009 France",1299999.0
PARIS - GROS CAILLOUX - EIFFEL TOWER,Apartments,74.0,3.0,2.0,2.0,"Paris, Ile-De-France, 75007 France",1299999.0
Apartment in Paris 6th - Saint Germain des Prés,Apartments,83.0,4.0,2.0,1.0,"Paris, Ile-De-France, 75006 France",1299000.0
Saint Thomas d'Aquin - Appartement avec vue et balcon.,Apartments,65.0,4.0,1.0,2.0,"Paris, Ile-De-France, 75007 France",1295000.0
Apartment in Paris 16th - Flandrin,Apartments,59.0,2.0,1.0,1.0,"Paris, Ile-De-France, 75116 France",1295000.0
Paris 7 - Bon marché - 2 bedrooms,Apartments,73.0,4.0,2.0,2.0,"Paris, Ile-De-France, 75007 France",1290000.0
Paris XVI- Flandrin - exceptional 'Pied à terre',Apartments,60.0,2.0,1.0,2.0,"Paris, Ile-De-France, 75116 France",1290000.0
Paris II - Contemporary apartment with open views on a high floor,Apartments,100.0,4.0,3.0,3.0,"Paris, Ile-De-France, 75002 France",1290000.0
Paris IX - Charming apartment on a high floor with a large long balcony,Apartments,100.0,4.0,2.0,4.0,"Paris, Ile-De-France, 75009 France",1270000.0
Paris 7th - Gros Caillou - 1 Bedroom,Apartments,49.0,2.0,1.0,2.0,"Paris, Ile-De-France, 75007 France",1259999.0
Avenue Foch - Apartment with garden,Apartments,70.0,2.0,1.0,1.0,"Paris, Ile-De-France, 75116 France",1250000.0
Paris 16th Victor Hugo,Apartments,106.0,5.0,3.0,1.0,"Paris, Ile-De-France, 75016 France",1250000.0
Place Saint-Georges / Rue des Martyrs - Bright 2 bedrooms apartment,Apartments,95.0,4.0,2.0,1.0,"Paris, Ile-De-France, 75009 France",1234999.0
Apartment,Apartments,94.0,4.0,2.0,3.0,"Paris, Ile-De-France, 75003 France",1234999.0
Beautiful 3-room apartment with balcony - Hoche / Monceau,Apartments,76.0,3.0,1.0,3.0,"Paris, Ile-De-France, 75008 France",1200000.0
Garden flat with gardens and terraces - Paris 12th - Daumesnil,Apartments,128.0,4.0,3.0,4.0,"Paris, Ile-De-France, 75012 France",1200000.0
Appartement terrasse - Village d' Auteuil à PARIS XVI,Apartments,78.0,4.0,1.0,2.0,"Paris, Ile-De-France, 75016 France",1189999.0
PARIS - SAINT GERMAIN DES PRES,Apartments,47.0,2.0,1.0,2.0,"Paris, Ile-De-France, 75006 France",1189999.0
Appartement terrasse - Village d' Auteuil à PARIS XVI,Apartments,78.0,4.0,1.0,2.0,"Paris, Ile-De-France, 75016 France",1189999.0
PARIS III - Charming apartment with 3 bedrooms renovated in the Temple district.,Apartments,79.0,4.0,3.0,3.0,"Paris, Ile-De-France, 75003 France",1169999.0
Paris XVI - Muette : Entirely renovated elegant and modern apartment,Apartments,89.0,4.0,2.0,3.0,"Paris, Ile-De-France, 75016 France",1165999.0
3-room two-bedroom apartment on 5th floor with Eiffel Tower view,Apartments,75.0,3.0,2.0,1.0,"Paris, Ile-De-France, 75011 France",1160000.0
Paris 16 - Duplex dernier étage avec terrasse de plain pied et vue Tour Eiffel -,Apartments,98.0,4.0,2.0,3.0,"Paris, Ile-De-France, 75016 France",1150000.0
Paris 11 - Chemin Vert,Apartments,87.0,4.0,2.0,3.0,"Paris, Ile-De-France, 75011 France",1150000.0
Perfect pied-à-terre close to Rue Cler Market,Apartments,61.0,3.0,2.0,3.0,"Paris, Ile-De-France, 75007 France",1150000.0
Paris 6 - St Germain des Près - Pied-à-terre rénové - 2 Chambres,Apartments,63.0,4.0,2.0,2.0,"Paris, Ile-De-France, 75006 France",1139999.0
Paris 6th - Saint-Germain-des-Prés / Rue Bonaparte,Apartments,61.0,4.0,1.0,2.0,"Paris, Ile-De-France, 75006 France",1119999.0
DERNIER ETAGE - VUE TOUS MONUMENTS,Apartments,81.0,4.0,2.0,2.0,"Paris, Ile-De-France, 75016 France",1105000.0
Paris 17th - Beautiful renovated apartment,Apartments,61.0,3.0,1.0,2.0,"Paris, Ile-De-France, 75017 France",1099999.0
Apartment,Apartments,74.0,3.0,2.0,2.0,"Paris, Ile-De-France, 75016 France",1099999.0
Paris XVIII- Triplex avec Terrasse,Apartments,92.0,5.0,3.0,2.0,"Paris, Ile-De-France, 75018 France",1090000.0
Paris XVI - Victor Hugo Foch - perfect 'Pied à terre',Apartments,60.0,2.0,1.0,3.0,"Paris, Ile-De-France, 75116 France",1060000.0
Marché Ordener - Villa Montcalm,Apartments,98.0,5.0,3.0,2.0,"Paris, Ile-De-France, 75018 France",1045000.0
Apartment,Apartments,56.0,4.0,1.0,2.0,"Paris, Ile-De-France, 75007 France",1000000.0
Paris 1 - Marché Saint Honoré - Profession libérale autorisée,Apartments,90.0,4.0,3.0,3.0,"Paris, Ile-De-France, 75001 France",995000.0
"Village Faidherbe, mixed-use workshop-loft rehabilitated into 4 rooms.",Apartments,88.0,4.0,2.0,2.0,"Paris, Ile-De-France, 75011 France",995000.0
Exelmans- Rue de Civry-Rue de Varize. Beautiful family apartment for sale,Apartments,104.0,4.0,3.0,3.0,"Paris, Ile-De-France, 75016 France",995000.0
Apartment,Apartments,64.0,3.0,2.0,2.0,"Paris, Ile-De-France, 75003 France",990000.0
Café de Flore-Eglise Saint-Germain,Apartments,61.0,4.0,1.0,2.0,"Paris, Ile-De-France, 75006 France",979999.0
"Saint Thomas d'Aquin, bright and calm pied-à-terre.",Apartments,49.0,2.0,1.0,2.0,"Paris, Ile-De-France, 75007 France",979999.0
Duplex,Apartments,72.0,5.0,3.0,4.0,"Paris, Ile-De-France, 75004 France",959999.0
APPARTEMENT FAMILIAL ENSOLEILLE - BALCON ET VUE DEGAGEE,Apartments,74.0,4.0,3.0,2.0,"Paris, Ile-De-France, 75016 France",950000.0
Paris 8th - Avenue des Champs Elysées,Apartments,57.0,2.0,1.0,2.0,"Paris, Ile-De-France, 75008 France",945000.0
Apartment,Apartments,61.0,3.0,2.0,2.0,"Paris, Ile-De-France, 75002 France",930000.0
Paris IX Charming apartment with balcony and unobstructed views,Apartments,63.0,4.0,2.0,3.0,"Paris, Ile-De-France, 75009 France",914999.0
Jasmine-Mozart - Beautiful apartment of 90.74 sq.m,Apartments,90.0,4.0,2.0,1.0,"Paris, Ile-De-France, 75016 France",900000.0
Paris 14 / Montparnasse. 4 pièces 3 chambres au 17ème et dernier étage,Apartments,83.0,4.0,2.0,2.0,"Paris, Ile-De-France, 75014 France",899000.0
Paris XI - EXCLUSIVITY - Magnificent renovated apartment with a large terrace,Apartments,63.0,4.0,1.0,2.0,"Paris, Ile-De-France, 75011 France",899000.0
House - Paris 17th - Village des Ternes,Single Family Homes,71.0,3.0,2.0,2.0,"Paris, Ile-De-France, 75017 France",899000.0
Paris 11 - Appartement 3 pièces 2 chambres de 88m²,Apartments,88.0,3.0,2.0,2.0,"Paris, Ile-De-France, 75011 France",899000.0
Apartment,Apartments,118.0,4.0,2.0,2.0,"Paris, Ile-De-France, 75018 France",898000.0
Paris 4th - Charming Three-Room Apartment in the Heart of the Marais,Apartments,69.0,3.0,2.0,1.0,"Paris, Ile-De-France, 75004 France",894999.0
Apartment in Paris 11th - Charonne,Apartments,89.0,5.0,3.0,3.0,"Paris, Ile-De-France, 75011 France",889999.0
Magnificent newly renovated loft - Jules Joffrin,Apartments,64.0,4.0,2.0,2.0,"Paris, Ile-De-France, 75018 France",885000.0
Apartment in Paris 15th - Beaugrenelle,Apartments,39.0,1.0,1.0,1.0,"Paris, Ile-De-France, 75015 France",885000.0
Charming Haussmannian apartment,Apartments,59.0,4.0,2.0,1.0,"Paris, Ile-De-France, 75005 France",880000.0
École Militaire,Apartments,57.0,4.0,1.0,2.0,"Paris, Ile-De-France, 75007 France",874000.0
Apartment,Apartments,89.0,4.0,2.0,2.0,"Paris, Ile-De-France, 75009 France",849999.0
Family flat - Paris 11th - Bastille / Charonne,Apartments,81.0,4.0,3.0,3.0,"Paris, Ile-De-France, 75011 France",848999.0
Exclusivité 3 pièces 2 chambres de 67m² carrez et Jardin de 180m²,Apartments,207.875,3.0,2.0,2.0,"Paris, Ile-De-France, 75020 France",839999.0
Apartment in Paris 3rd - Marais,Apartments,54.0,3.0,2.0,2.0,"Paris, Ile-De-France, 75004 France",824999.0
Apartment in Paris 4rd - Place des Vosges,Apartments,54.0,3.0,2.0,2.0,"Paris, Ile-De-France, 75004 France",824999.0
9th and top floor with 180° terrace overlooking Paris,Apartments,83.0,4.0,2.0,2.0,"Paris, Ile-De-France, 75020 France",799999.0
Charming 3-room apartment with balcony - Saint Ferdinand - Paris 17th,Apartments,66.0,3.0,1.0,2.0,"Paris, Ile-De-France, 75017 France",799999.0
Saint-Germain-des-Prés,Apartments,45.0,2.0,3.0,2.0,"Paris, Ile-De-France, 75006 France",797999.0
Saint-Germain-des-Prés,Apartments,41.0,2.0,3.0,2.0,"Paris, Ile-De-France, 75006 France",790000.0
Appartement 2 chambres Place des Vosges,Apartments,63.0,3.0,2.0,1.0,"Paris, Ile-De-France, 75004 France",779999.0
Appartement familial - Paris XVI,Apartments,69.0,3.0,2.0,3.0,"Paris, Ile-De-France, 75016 France",779999.0
Apartment,Apartments,51.0,2.0,1.0,1.0,"Paris, Ile-De-France, 75003 France",778999.0
3 rooms renovated - Villiers/Batignolles,Apartments,67.0,3.0,2.0,1.0,"Paris, Ile-De-France, 75017 France",749999.0
Paris 2nd - Montorgueil - Elegant pied-à-terre renovated in a private mansion,Apartments,31.0,2.0,1.0,1.0,"Paris, Ile-De-France, 75002 France",749999.0
Flat with a view over the roofs of Paris - Paris 4th - Saint-Paul,Apartments,54.0,3.0,1.0,2.0,"Paris, Ile-De-France, 75004 France",749999.0
Apartment,Apartments,71.0,3.0,2.0,2.0,"Paris, Ile-De-France, 75015 France",748999.0
Apartment in Paris 5th - Notre Dame,Apartments,50.0,2.0,1.0,2.0,"Paris, Ile-De-France, 75005 France",745000.0
Apartment in Paris 16th - Ranelagh,Apartments,62.0,2.0,1.0,1.0,"Paris, Ile-De-France, 75016 France",740000.0
Montmartre : A two-room apartment with spectacular view on the Sacré-Coeur,Apartments,42.0,4.0,1.0,1.0,"Paris, Ile-De-France, 75018 France",734999.0
3-room apartment overlooking Paris,Apartments,71.0,3.0,1.0,1.0,"Paris, Ile-De-France, 75013 France",720000.0
Saint-Germain-des-Prés,Duplex Homes,49.0,4.0,1.0,2.0,"Paris, Ile-De-France, 75006 France",709999.0
Paris 3rd – Place des Vosges. Charming studio with balcony.,Apartments,54.0,1.0,3.0,1.0,"Paris, Ile-De-France, 75003 France",695000.0
Apartment,Apartments,35.0,4.0,1.0,2.0,"Paris, Ile-De-France, 75009 France",690000.0
Paris XVIII - Abbesses / Martyrs,Apartments,48.0,4.0,1.0,1.0,"Paris, Ile-De-France, 75018 France",659999.0
Apartment,Apartments,36.0,2.0,1.0,2.0,"Paris, Ile-De-France, 75002 France",650000.0
Saint-Germain-des-Prés,Apartments,35.0,4.0,1.0,2.0,"Paris, Ile-De-France, 75006 France",650000.0
Charming 3-room apartment in excellent condition - Legendre/Epinettes,Apartments,54.0,3.0,1.0,1.0,"Paris, Ile-De-France, 75017 France",645000.0
Charming 3-room apartment with balcony - marché Poncelet,Apartments,54.0,3.0,1.0,1.0,"Paris, Ile-De-France, 75017 France",645000.0
Paris 17th - Les Batinettes,Apartments,53.0,3.0,2.0,2.0,"Paris, Ile-De-France, 75017 France",634999.0
Saint-Germain-des-Prés,Apartments,38.0,4.0,1.0,2.0,"Paris, Ile-De-France, 75006 France",600000.0
Luxembourg Gardens - Fully renovated apartment,Apartments,43.0,2.0,1.0,1.0,"Paris, Ile-De-France, 75005 France",599000.0
Service spacious rooms to renovate - Rue de Grenelle,Apartments,54.0,4.0,2.0,1.0,"Paris, Ile-De-France, 75007 France",589999.0
Superb renovated apartment in the historic heart of the Marais,Apartments,45.0,2.0,3.0,1.0,"Paris, Ile-De-France, 75003 France",589999.0
Superb renovated apartment in the historic heart of the Marais,Apartments,45.0,2.0,3.0,1.0,"Paris, Ile-De-France, 75003 France",589999.0
Renovated flat with open view - Paris 4th - Marais,Apartments,41.0,2.0,1.0,1.0,"Paris, Ile-De-France, 75004 France",585000.0
Paris 8 - Champs-Elysées - Deux pièces - Dernier étage,Apartments,45.0,2.0,1.0,2.0,"Paris, Ile-De-France, 75008 France",580000.0
Saint-Germain-des-Prés / rue Cassette,Apartments,37.0,4.0,1.0,2.0,"Paris, Ile-De-France, 75006 France",580000.0
Saint-Germain-des-Prés,Apartments,28.0,4.0,1.0,2.0,"Paris, Ile-De-France, 75006 France",560000.0
Saint-Germain-des-Prés,Apartments,28.0,4.0,1.0,2.0,"Paris, Ile-De-France, 75006 France",560000.0
"PARIS 17, MONCEAU PARK",Apartments,43.0,4.0,1.0,2.0,"Paris, Ile-De-France, 75017 France",549999.0
House,Single Family Homes,40.0,4.0,1.0,2.0,"Paris, Ile-De-France, 75003 France",548999.0
Perfect Pied-à-terre in front of the Jardins du Luxembourg,Apartments,40.0,4.0,1.0,2.0,"Paris, Ile-De-France, 75006 France",530000.0
Paris 4th - Place des Vosges,Apartments,27.0,2.0,1.0,1.0,"Paris, Ile-De-France, 75004 France",524999.0
Paris 4th. Vosges/Sévigné. Quiet apartment with a view of a wooded garden,Apartments,36.0,4.0,1.0,2.0,"Paris, Ile-De-France, 75004 France",521999.0
Prestigious apartment for sale faubourg Saint Germain in Paris 7,Apartments,44.0,3.0,1.0,2.0,"Paris, Ile-De-France, 75006 France",448999.0
FOR SALE - Apartment - 1 bedroom - Lamarck-Caulaincourt - 75018 PARIS,Apartments,38.0,2.0,1.0,2.0,"Paris, Ile-De-France, 75018 France",425000.0
Studio/Saint Germain-Odéon,Apartments,26.875,1.0,3.0,3.0,"Paris, Ile-De-France, 75006 France",400000.0
Apartment,Apartments,26.875,1.0,3.0,1.0,"Paris, Ile-De-France, 75003 France",329000.0
Passy / Muette District - Renovated Studio,Apartments,140.0,4.0,3.0,3.0,"Paris 16th Arrondissement (Passy, sud)",2827848.0
A Campaign Spirit!,Apartments,140.0,5.0,4.0,1.0,"Paris 16th Arrondissement (Passy, sud)",2827848.0
Sèvres Babylon / Cheap - Family Apartment,Apartment,140.0,4.0,3.0,1.0,Paris 7th Arrondissement (Palais-Bourbon),2827848.0
Hôtel Particulier in the Heart of the Golden Triangle,Apartments,140.0,8.0,4.5,4.5,"Val-de-Marne (94), Saint-Maur-des-Fossés",2827848.0
La Varenne St Hilaire - Magnificent Family Home with Swimming Pool Near the Marne River,Apartments,140.0,7.0,4.5,2.0,"Val-de-Marne (94), La Varenne-Saint-Hilaire",2827848.0
A Campaign Spirit!,Apartments,140.0,5.0,4.0,1.0,Paris 15th Arrondissement (Vaugirard),2827848.0
Paris Viii - Prestigious Apartment Near the Champs Elysee,Apartment,140.0,5.0,3.0,2.0,Paris 8th Arrondissement (Élysée),2827848.0
"Charming Furnished Apartment of 31 m², Ideal Pied-À-Terre - Paris 8 - Avenue De Friedland",Studio,140.0,2.0,1.0,1.0,Paris 8th Arrondissement (Élysée),2827848.0
Favorite Apartment,Apartment,140.0,1.0,1.0,3.0,Paris 9th Arrondissement (Opéra),2827848.0
Paris 15th - Rue De Vaugirard - 2P,Apartments,140.0,1.0,1.0,3.0,Paris 15th Arrondissement (Vaugirard),2827848.0
Trocadero / Duplex Completely Renovated in the Quiet of a Cul-De-Sac,Apartments,140.0,2.0,2.0,3.0,"Paris 16th Arrondissement (Passy, sud)",2827848.0
Paris Vi - Saint-Germain - Duplex with Terrace,Apartments,140.0,2.0,1.0,1.0,Paris 6th Arrondissement (Luxembourg),2827848.0
Paris 18th - in the Heart of Montmartre. - Beautiful 2 Room Apartment of 29th Century - on Open Cou,Apartment,140.0,1.0,1.0,3.0,Paris 18th Arrondissement (Butte-Montmartre),2827848.0
Beautiful Property with Swimming Pool in the Heart of Garches,Apartments,140.0,8.0,4.5,2.0,"Hauts-de-Seine (92), Garches",2827848.0
Apartment Parc Monceau,Apartment,140.0,7.0,4.0,3.0,Paris 17th Arrondissement (Batignolles-Monceau),2827848.0
Paris 3rd - 2-Room Apartment,Apartment,140.0,2.0,1.0,1.0,Paris 3rd Arrondissement (Temple),2827848.0
5 Rooms Ideal Investor - Bare Property,Apartments,140.0,4.0,4.0,3.0,Paris 19th Arrondissement (Buttes-Chaumont),2827848.0
3 Rooms Bare Property 7 Years,Apartments,140.0,2.0,2.0,3.0,Paris 14th Arrondissement (Observatoire),2827848.0
3 Rooms Bare Owned 23 Years - 40% Discount,Apartments,140.0,2.0,2.0,3.0,"Hauts-de-Seine (92), Neuilly-sur-Seine",2827848.0
4 Rooms Bare Owned 8 Years - 22% Discount,Apartments,140.0,3.0,3.0,3.0,"Yvelines (78), Viroflay",2827848.0
Faubourg du Roule Family Apartment,Apartment,140.0,4.0,3.0,1.0,Paris 8th Arrondissement (Élysée),2827848.0
Paris 8th - Montaigne Triangle D'or - High Floor Apartment with Balcony,Apartment,140.0,6.0,4.0,2.0,Paris 8th Arrondissement (Élysée),2827848.0
75018 - Passage Lepic - Renovated Studio - Ground Floor,Apartments,140.0,4.0,3.0,3.0,Paris 18th Arrondissement (Butte-Montmartre),2827848.0
Paris 15E - Rue De Vaugirard 4P,Apartments,140.0,3.0,2.0,1.0,Paris 15th Arrondissement (Vaugirard),2827848.0
"2 Bed Apartment for Sale in Paris 16th Arrondissement (Passy, Sud)",Apartment,140.0,2.0,2.0,3.0,"Paris 16th Arrondissement (Passy, sud)",2827848.0
1 Room(s) Apartment for Sale in Paris 4E Arrondissement,Studio,140.0,2.0,1.0,1.0,Paris 4th Arrondissement (Hôtel-de-Ville),2827848.0
1 Bed Apartment for Sale in Paris 7th Arrondissement (Palais-Bourbon),Apartment,140.0,1.0,1.0,3.0,Paris 7th Arrondissement (Palais-Bourbon),2827848.0
1 Bed Apartment for Sale in Meudon,Apartment,140.0,1.0,1.0,3.0,"Hauts-de-Seine (92), Meudon",2827848.0
Garches - Apartment with Terrace,Apartment,140.0,3.0,2.0,1.0,"Hauts-de-Seine (92), Garches",2827848.0
"Stunning 2-Bedroom Apartment with Panoramic Views on all Sides, Located in the Centre of Courbevoie on the Outskirts of …",Apartment,140.0,3.0,2.0,1.0,"Hauts-de-Seine (92), Courbevoie",2827848.0
4 Room(s) House for Sale in Fontenay-Sous-Bois,Apartments,140.0,3.0,2.0,1.0,"Val-de-Marne (94), Fontenay-sous-Bois",2827848.0
Paris Xviii la Fourche - 2-Room Apartment Refurbished,Apartment,140.0,1.0,1.0,3.0,Paris 18th Arrondissement (Butte-Montmartre),2827848.0
Lourmel - Exhibition Center. Top Floor - Terraces,Apartments,140.0,4.0,3.0,1.0,Paris 15th Arrondissement (Vaugirard),2827848.0
Paris 7th - Turnkey Pied-À-Terre - 2 Rooms,Apartments,140.0,4.0,3.0,3.0,Paris 7th Arrondissement (Palais-Bourbon),2827848.0
Lourmel - Exhibition Center. Top Floor - Terraces,Apartments,140.0,4.0,3.0,1.0,Paris 15th Arrondissement (Vaugirard),2827848.0
Paris 16 Trocadéro: Top Floor Terrace,Apartments,140.0,2.0,2.0,3.0,"Paris 16th Arrondissement (Passy, sud)",2827848.0
75018 - Passage Lepic - Renovated 2P - Ground Floor,Apartments,140.0,1.0,1.0,3.0,Paris 18th Arrondissement (Butte-Montmartre),2827848.0
Paris 7th - 5 Rooms with Parking Lot,Apartments,140.0,3.0,2.0,1.0,Paris 7th Arrondissement (Palais-Bourbon),2827848.0
4 Room(s) Apartment for Sale in Paris 11E Arrondissement,Apartment,140.0,4.0,2.0,2.0,Paris 11th Arrondissement (Popincourt),2827848.0
Garches - Apartment with Terrace,Apartment,140.0,1.0,1.0,3.0,"Hauts-de-Seine (92), Garches",2827848.0
2/3 Bedrooms 16th Longchamp,Apartments,140.0,2.0,2.0,3.0,"Paris 16th Arrondissement (Passy, sud)",2827848.0
Exceptional 95m² Apartment between the Champs-Élysées and the Faubourg Saint-Honoré - Paris 8th,Apartment,140.0,3.0,2.0,1.0,Paris 8th Arrondissement (Élysée),2827848.0
Loft in the Heart of the Marais,Studio,140.0,1.0,1.0,3.0,Paris 4th Arrondissement (Hôtel-de-Ville),2827848.0
Exclusive Apartment Near the Eiffel Tower,Apartment,140.0,6.0,3.0,3.0,Paris 7th Arrondissement (Palais-Bourbon),2827848.0
Paris Ii - 2 Bedroom Apartment,Apartment,140.0,2.0,1.0,1.0,Paris 2nd Arrondissement (Bourse),2827848.0
Renovated Apartment - Exceptional Location,Apartment,140.0,4.0,3.0,1.0,Paris 7th Arrondissement (Palais-Bourbon),2827848.0
Montmartre/Impasse du Tertre,Apartments,140.0,5.0,4.0,1.0,Paris 18th Arrondissement (Butte-Montmartre),2827848.0
Exceptional - Bac - Solferino,Apartments,140.0,4.0,3.0,1.0,Paris 7th Arrondissement (Palais-Bourbon),2827848.0
Exclusivity - Paris Xvi - Oecd - Exceptional Duplex with Garden,Apartments,140.0,8.0,4.5,3.0,"Paris 16th Arrondissement (Passy, sud)",2827848.0
Paris 18th - Charming Top-Floor Duplex,Apartments,140.0,5.0,4.0,1.0,Paris 18th Arrondissement (Butte-Montmartre),2827848.0
1 Room(s) Apartment for Sale in Paris 16E Arrondissement,Apartment,140.0,2.0,1.0,1.0,"Paris 16th Arrondissement (Passy, sud)",2827848.0
Arc De Triomphe - Exceptional Apartment,Apartment,140.0,2.0,2.0,3.0,Paris 8th Arrondissement (Élysée),2827848.0
2 Room Apartment with Balcony in the Heart of the City,Apartment,140.0,1.0,1.0,3.0,"Hauts-de-Seine (92), Garches",2827848.0
Paris 1St - Apartement Close to the Place Vendome,Apartments,140.0,2.0,2.0,3.0,Paris 1st Arrondissement (Louvre),2827848.0
5 Room(s) Apartment for Sale in Boulogne-Billancourt,Apartment,140.0,5.0,3.0,2.0,"Hauts-de-Seine (92), Boulogne-Billancourt",2827848.0
Paris 7th - Baccalaureate/University - Studio,Apartments,140.0,4.0,3.0,3.0,Paris 7th Arrondissement (Palais-Bourbon),2827848.0
1 Room(s) Apartment for Sale in Paris 4E Arrondissement,Apartment,140.0,2.0,1.0,1.0,Paris 4th Arrondissement (Hôtel-de-Ville),2827848.0
Reception Apartment Paris Viii Triangle D'or / Place François 1er,Apartment,140.0,6.0,4.5,1.0,Paris 8th Arrondissement (Élysée),2827848.0
Courtyard House of 17m²,Apartments,140.0,2.0,2.0,3.0,"Hauts-de-Seine (92), Rueil-Malmaison",2827848.0
4 Room(s) Apartment for Sale in Paris 13E Arrondissement,Apartment,140.0,5.0,3.0,2.0,Paris 13th Arrondissement (Gobelins),2827848.0
3 Room(s) Apartment for Sale in Paris,Apartment,140.0,3.0,2.0,1.0,Paris 3rd Arrondissement (Temple),2827848.0
"Apartment 2 Room(s), Paris 16TH District",Apartment,140.0,2.0,1.0,1.0,"Paris 16th Arrondissement (Passy, sud)",2827848.0
3 Room(s) Apartment for Sale in Paris,Apartment,140.0,4.0,2.0,2.0,"Paris 16th Arrondissement (Passy, sud)",2827848.0
8 Pieces Haussmanien,Apartments,140.0,5.0,4.5,3.0,Paris 10th Arrondissement (Enclos-St-Laurent / Entrepôt),2827848.0
Paris 1st - Large Studio with Mezzanine - 2 Balconies,Apartments,140.0,4.0,3.0,3.0,Paris 1st Arrondissement (Louvre),2827848.0
2 Room Apartment - Balcony - Garage,Apartment,140.0,1.0,1.0,3.0,"Seine-Saint-Denis (93), Neuilly-sur-Marne",2827848.0
Paris 6th - Strong Potential at the Gates of the Luxembourg Gardens,Apartments,140.0,5.0,4.0,1.0,Paris 6th Arrondissement (Luxembourg),2827848.0
5 Rooms 9% Yield in Paris 13,Apartments,140.0,4.0,4.0,3.0,Paris 13th Arrondissement (Gobelins),2827848.0
Paris 8 Miromesnil / Monceau - Luxurious Apartment,Apartment,140.0,4.0,3.0,1.0,Paris 8th Arrondissement (Élysée),2827848.0
4 Rooms at the Foot of the Guy Môquet Metro Station,Apartments,140.0,3.0,3.0,3.0,Paris 17th Arrondissement (Batignolles-Monceau),2827848.0
Paris Xvi - Passy - 2 Rooms with Turnkey Balcony,Apartments,140.0,1.0,1.0,3.0,"Paris 16th Arrondissement (Passy, sud)",2827848.0
House of Character with 138 m² of Garden in Paris 20th - 5 Minutes from Metro Gambetta,Apartments,140.0,4.0,3.0,1.0,Paris 20th Arrondissement (Ménilmontant),2827848.0
Paris V - 3 Room Apartment,Apartment,140.0,3.0,2.0,1.0,Paris 5th Arrondissement (Panthéon),2827848.0
Paris Xviii - Junot - 2 Room Apartment - Top Floor,Apartment,140.0,1.0,1.0,3.0,Paris 18th Arrondissement (Butte-Montmartre),2827848.0
Rue Augereau - House in Co-Owned Residence,Apartments,140.0,4.0,3.0,1.0,Paris 7th Arrondissement (Palais-Bourbon),2827848.0
Saint Francis Xavier - Beautiful Classic,Apartments,140.0,5.0,4.0,1.0,Paris 7th Arrondissement (Palais-Bourbon),2827848.0
"Paris 17th - 3-Rooms Apartment, 2 Bedrooms, Terrace",Apartment,140.0,3.0,2.0,1.0,Paris 17th Arrondissement (Batignolles-Monceau),2827848.0
Paris Xvii - Parc Monceau - Private Mansion,Apartments,140.0,7.0,4.5,2.0,Paris 17th Arrondissement (Batignolles-Monceau),2827848.0
For Sale Paris 8th,Apartments,140.0,3.0,2.0,1.0,Paris 8th Arrondissement (Élysée),2827848.0
"Villa Scheffer. The Countryside, 5 Minutes from the Trocadero",Apartments,140.0,8.0,4.5,3.0,"Paris 16th Arrondissement (Passy, nord)",2827848.0
3/4 Bedroom Family Apartment - Profession,Apartment,140.0,5.0,4.0,1.0,Paris 7th Arrondissement (Palais-Bourbon),2827848.0
Paris 7th District - Eiffel Tower - Champs De Mars,Studio,140.0,1.0,1.0,3.0,Paris 7th Arrondissement (Palais-Bourbon),2827848.0
Paris 8th District - Champs Elysees - Upper Level - Wraparound Balcony - 2 Bedrooms,Apartments,140.0,3.0,2.0,1.0,Paris 8th Arrondissement (Élysée),2827848.0
Saint Francis Xavier,Apartments,140.0,2.0,1.0,1.0,Paris 7th Arrondissement (Palais-Bourbon),2827848.0
Paris 8Th - Champs-Elysees/Roosevelt,Apartments,140.0,2.0,1.0,1.0,Paris 8th Arrondissement (Élysée),2827848.0
Paris Vii - Big Stone,Apartments,140.0,4.0,3.0,1.0,Paris 7th Arrondissement (Palais-Bourbon),2827848.0
Family and Reception Apartment in a Quiet Area,Apartment,140.0,5.0,4.0,1.0,Paris 9th Arrondissement (Opéra),2827848.0
Big Stone - Quai D'orsay,Apartments,140.0,5.0,4.0,1.0,Paris 7th Arrondissement (Palais-Bourbon),2827848.0
3 Bedrooms Appartment - Triangle D'or,Apartments,140.0,4.0,3.0,1.0,Paris 8th Arrondissement (Élysée),2827848.0
Coup De Coeur - House with Garden-Terrace and Double Parking,Apartments,140.0,4.0,4.0,3.0,Paris 11th Arrondissement (Popincourt),2827848.0
Edgar Quinet / Vavin - Rue Delambre - 2P,Apartments,140.0,1.0,1.0,3.0,Paris 14th Arrondissement (Observatoire),2827848.0
"Coup De Coeur - 6 Family Rooms in Good Condition - Elevator, Cellar and Parking -",Apartments,140.0,4.0,4.0,3.0,Paris 14th Arrondissement (Observatoire),2827848.0
Gambetta/Père Lachaise - 3 Rooms - 4th Floor - not Overlooked,Apartments,140.0,2.0,2.0,3.0,Paris 20th Arrondissement (Ménilmontant),2827848.0
5 Room Apartment - Paris Xvi Chaillot,Apartment,140.0,3.0,2.0,1.0,"Paris 16th Arrondissement (Passy, sud)",2827848.0
Paris Xiv - Villa Seurat - Apartment 3 Rooms,Apartment,140.0,3.0,2.0,1.0,Paris 14th Arrondissement (Observatoire),2827848.0
Contemporary Left Bank Hotel Particulier.,Apartments,140.0,8.0,4.5,4.5,Paris 14th Arrondissement (Observatoire),2827848.0
Paris Xv Nord Dupleix: 2-Room Apartment,Apartment,140.0,1.0,1.0,3.0,Paris 15th Arrondissement (Vaugirard),2827848.0
Paris 16 Loft 204 m²,Apartments,140.0,3.0,3.0,3.0,"Paris 16th Arrondissement (Passy, sud)",2827848.0
Paris 16th Century - Spontini Longchamp,Apartments,140.0,6.0,4.0,2.0,"Paris 16th Arrondissement (Passy, sud)",2827848.0
Paris - Xvi - Top Floor Apartment with Terrace of 190m²,Apartment,140.0,4.0,2.0,2.0,"Paris 16th Arrondissement (Passy, sud)",2827848.0
Fully Refurbished Reception Apartement - Parc Monceau,Apartments,140.0,5.0,4.5,3.0,Paris 8th Arrondissement (Élysée),2827848.0
Paris Vi Saint Germain: Furnished Studio,Studio,140.0,1.0,1.0,3.0,Paris 6th Arrondissement (Luxembourg),2827848.0
4 Room(s) Apartment for Sale in Saint-Ouen-Sur-Seine,Apartment,140.0,4.0,2.0,2.0,"Seine-Saint-Denis (93), Saint-Ouen-sur-Seine",2827848.0
Paris Vii - Furnished Studio,Apartments,140.0,4.0,3.0,3.0,Paris 7th Arrondissement (Palais-Bourbon),2827848.0
Paris V - Val De Grace - 3 Room Loft and Terrace,Apartments,140.0,2.0,1.0,1.0,Paris 5th Arrondissement (Panthéon),2827848.0
Apartment with Terrace Near Stade De France,Apartment,140.0,5.0,3.0,2.0,"Seine-Saint-Denis (93), Saint-Denis",2827848.0
Closed Garage Box,Apartments,140.0,4.0,0.5,3.0,Paris 18th Arrondissement (Butte-Montmartre),2827848.0
"Apartment 62.6 m², Notre Dame Des Champs, Paris 6ie",Apartment,140.0,2.0,1.0,1.0,Paris 6th Arrondissement (Luxembourg),2827848.0
Paris Viii- Montaigne,Apartments,140.0,3.0,2.0,1.0,Paris 8th Arrondissement (Élysée),2827848.0
Exceptional Apartment with Eiffel Tower View- Seine- Paris,Apartment,140.0,4.0,3.0,1.0,Paris 15th Arrondissement (Vaugirard),2827848.0
7 Room Family Apartment High Floor,Apartment,140.0,5.0,4.0,1.0,"Paris 16th Arrondissement (Passy, sud)",2827848.0
Elegant Duplex - Top Floors,Apartments,140.0,3.0,3.0,3.0,Paris 8th Arrondissement (Élysée),2827848.0
Paris 18th - Folie Sandrin - Exceptional Property,Apartments,140.0,3.0,2.0,1.0,Paris 18th Arrondissement (Butte-Montmartre),2827848.0
Paris Vii. Saint Francois Xavier.,Apartments,140.0,3.0,2.0,1.0,Paris 7th Arrondissement (Palais-Bourbon),2827848.0
Paris Xvii - Large Family Reception Apartment with an Exterior,Apartment,140.0,4.0,3.0,1.0,Paris 17th Arrondissement (Batignolles-Monceau),2827848.0
Paris Viii - Reception Apartment 5 Rooms,Apartment,140.0,4.0,3.0,1.0,Paris 8th Arrondissement (Élysée),2827848.0
Triumphal Arch,Apartments,140.0,3.0,3.0,3.0,Paris 17th Arrondissement (Batignolles-Monceau),2827848.0
Paris Xvi - Victor Hugo,Apartments,140.0,3.0,2.0,1.0,"Paris 16th Arrondissement (Passy, sud)",2827848.0
Paris Vi - Monnaie - Two-Room Apartment,Apartment,140.0,2.0,1.0,1.0,Paris 6th Arrondissement (Luxembourg),2827848.0
2P to Renovate,Apartments,140.0,1.0,1.0,3.0,Paris 15th Arrondissement (Vaugirard),2827848.0
Rue Lauriston - Sale Occupied Lodge,Apartments,140.0,1.0,1.0,3.0,"Paris 16th Arrondissement (Passy, sud)",2827848.0
Mansion 8 Min. From the Palace of Versailles and 30 Min. From Paris.,Apartments,140.0,8.0,4.5,3.0,Paris,2827848.0
Mansion 30 Min. From Paris with Pool and Terrace,Apartments,140.0,8.0,4.5,4.5,Paris,2827848.0
Garden Level at the Butte Montmartre.,Apartments,140.0,2.0,2.0,3.0,Paris 18th Arrondissement (Butte-Montmartre),2827848.0
Town House in the Heart of Garches,Apartments,140.0,5.0,4.0,1.0,"Hauts-de-Seine (92), Garches",2827848.0
Paris Iv - Port De L'arsenal - 2 Bedroom Boat,Apartments,140.0,2.0,2.0,3.0,Paris 4th Arrondissement (Hôtel-de-Ville),2827848.0
Prime Location New Project in Suresnes and Seine River,Apartments,140.0,4.0,0.5,3.0,"Hauts-de-Seine (92), Suresnes",2827848.0
2 Room Apartment,Apartment,140.0,1.0,1.0,3.0,"Val-de-Marne (94), Ivry-sur-Seine",2827848.0
"Castle 30 Min. From Paris, 15 Min. From Charles De Gaulle Airport",Apartments,140.0,8.0,4.5,4.5,Paris,2827848.0
1 Room(s) Apartment for Sale in Paris Ix,Apartment,140.0,2.0,1.0,1.0,Paris 9th Arrondissement (Opéra),2827848.0
"Paris, a Short Walk from the Luxembourg Garden",Apartments,140.0,6.0,4.0,2.0,Paris 5th Arrondissement (Panthéon),2827848.0
3-Room Apartment at the Foot of the Basilica,Apartment,140.0,3.0,2.0,1.0,"Seine-Saint-Denis (93), Saint-Denis",2827848.0
4 Room(s) Apartment for Sale in Paris 17E Arrondissement,Apartment,140.0,3.0,2.0,1.0,Paris 17th Arrondissement (Batignolles-Monceau),2827848.0
Paris 16th - Exceptional Apartment,Apartment,140.0,5.0,3.0,2.0,"Paris 16th Arrondissement (Passy, sud)",2827848.0
"Private Mansion, Passy-Maison De la Radio",Apartments,140.0,8.0,4.5,3.0,"Paris 16th Arrondissement (Passy, sud)",2827848.0
Residence in the Heart of Paris 15th District - Live to the Rhythm of the Seine,Apartments,140.0,3.0,3.0,3.0,Paris 15th Arrondissement (Vaugirard),2827848.0
Paris 16th - Avenue Foch - Victor Hugo,Apartments,140.0,3.0,2.0,1.0,"Paris 16th Arrondissement (Passy, sud)",2827848.0
Paris Viii - Rue Berri - Private Car Park 11 Spaces,Apartments,140.0,4.0,0.5,3.0,Paris 8th Arrondissement (Élysée),2827848.0
Paris Vii - Charles Floquet - 5-Room Family Apartment,Apartment,140.0,4.0,3.0,1.0,Paris 7th Arrondissement (Palais-Bourbon),2827848.0
Paris 8th - 3-Bedroom Apartment,Apartment,140.0,4.0,3.0,1.0,Paris 8th Arrondissement (Élysée),2827848.0
Paris 16th - 2/3 Rooms Top Floor Terrace,Apartments,140.0,2.0,1.0,1.0,"Paris 16th Arrondissement (Passy, sud)",2827848.0
Paris Xvi. Iena. High Floor Apartment.,Apartment,140.0,2.0,2.0,3.0,"Paris 16th Arrondissement (Passy, sud)",2827848.0
Paris 7th - Vaneau - Cheap - Large Grocery Store,Apartments,140.0,3.0,2.0,1.0,Paris 7th Arrondissement (Palais-Bourbon),2827848.0
"For Sale 3 Room, 2 Bedroom Apartment Muette - Oecd",Apartment,140.0,3.0,2.0,1.0,"Paris 16th Arrondissement (Passy, sud)",2827848.0
Paris Viii Avenue Montaigne,Apartments,140.0,1.0,1.0,3.0,Paris 8th Arrondissement (Élysée),2827848.0
Residence in the Heart of Paris 15th District - Live to the Rhythm of the Seine,Studio,140.0,1.0,1.0,3.0,Paris 15th Arrondissement (Vaugirard),2827848.0
75m² High Floor Apartment.,Apartment,140.0,3.0,2.0,1.0,Paris 15th Arrondissement (Vaugirard),2827848.0
Paris 7th - Bon Marché - 2-Room Apartment,Apartment,140.0,2.0,1.0,1.0,Paris 7th Arrondissement (Palais-Bourbon),2827848.0
Apartment Paris i - Palais Royal - 3 Rooms,Apartment,140.0,2.0,2.0,3.0,Paris 1st Arrondissement (Louvre),2827848.0
Paris Vi - Odéon/Luxembourg - Two Turnkey Rooms,Apartments,140.0,1.0,1.0,3.0,Paris 6th Arrondissement (Luxembourg),2827848.0
1 Room(s) Apartment for Sale in Paris,Studio,140.0,2.0,1.0,1.0,Paris 7th Arrondissement (Palais-Bourbon),2827848.0
5 Room(s) Apartment for Sale in Paris 3E Arrondissement,Apartment,140.0,5.0,3.0,2.0,Paris 3rd Arrondissement (Temple),2827848.0
4 Room(s) Apartment for Sale in Paris 14E Arrondissement,Apartment,140.0,3.0,2.0,1.0,Paris 14th Arrondissement (Observatoire),2827848.0
Paris is 10 Minutes Away - Mansion 340 m².,Apartments,140.0,8.0,4.5,4.0,Paris,2827848.0
Paris 4th Arrondissement Apartment 130 m²,Apartment,140.0,4.0,2.0,2.0,Paris 4th Arrondissement (Hôtel-de-Ville),2827848.0
Сhateau 1 Hour from Paris and 50 Minutes from Versailles,Apartments,140.0,8.0,4.5,4.5,Paris,2827848.0
6 Room(s) Apartment for Sale in Paris,Apartment,140.0,7.0,4.0,3.0,Paris 3rd Arrondissement (Temple),2827848.0
Life Annuity House,Apartments,140.0,3.0,3.0,3.0,"Hauts-de-Seine (92), Suresnes",2827848.0
4 Room(s) Apartment for Sale in Puteaux,Apartment,140.0,5.0,3.0,2.0,"Hauts-de-Seine (92), Puteaux",2827848.0
4 Room(s) Apartment for Sale in Paris,Apartment,140.0,3.0,2.0,1.0,Paris 2nd Arrondissement (Bourse),2827848.0
"Rare Opportunity to Acquire an Exceptional 3 Storey, 6 Bedroom Luxury Hotel with Indoor Pool, Ideally Located Near all a…",Apartments,140.0,8.0,4.5,4.5,Paris 7th Arrondissement (Palais-Bourbon),2827848.0
2 Room(s) Apartment for Sale in Paris,Apartment,140.0,2.0,1.0,1.0,Paris 4th Arrondissement (Hôtel-de-Ville),2827848.0
6 Room(s) Apartment for Sale in Enghien-Les-Bains,Apartment,140.0,7.0,4.0,3.0,"Val-d'Oise (95), Enghien-les-Bains",2827848.0
7 Room(s) House for Sale in Croissy-Sur-Seine,Apartments,140.0,7.0,4.5,2.0,"Yvelines (78), Croissy-sur-Seine",2827848.0
3 Room(s) Apartment for Sale in Paris,Apartment,140.0,3.0,2.0,1.0,Paris 17th Arrondissement (Batignolles-Monceau),2827848.0
Parking N 178,Apartments,140.0,4.0,0.5,3.0,Paris 11th Arrondissement (Popincourt),2827848.0
5 Parking Rooms,Apartments,140.0,4.0,4.0,3.0,"Paris 16th Arrondissement (Passy, sud)",2827848.0
8 Room(s) House for Sale in Saint-Maur-Des-Fossés,Apartments,140.0,7.0,4.0,3.0,"Val-de-Marne (94), Saint-Maur-des-Fossés",2827848.0
2 Cellar Rooms,Apartments,140.0,1.0,1.0,3.0,"Val-de-Marne (94), Vincennes",2827848.0
2 Room(s) Apartment for Sale in Paris,Apartment,140.0,2.0,1.0,1.0,Paris 11th Arrondissement (Popincourt),2827848.0
Very Nice Furnished Apartment in a Chic District between Republi,Studio,140.0,2.0,1.0,1.0,Paris 3rd Arrondissement (Temple),2827848.0
3 Room(s) Apartment for Sale in Paris 5E Arrondissement,Apartment,140.0,3.0,2.0,1.0,Paris 5th Arrondissement (Panthéon),2827848.0
2 Room(s) Apartment for Sale in Paris,Studio,140.0,2.0,1.0,1.0,Paris 6th Arrondissement (Luxembourg),2827848.0
3 Room(s) Apartment for Sale in Paris 4E Arrondissement,Apartment,140.0,2.0,1.0,1.0,Paris 4th Arrondissement (Hôtel-de-Ville),2827848.0
3 Room(s) Apartment for Sale in Paris 16E Arrondissement,Apartment,140.0,4.0,2.0,2.0,"Paris 16th Arrondissement (Passy, sud)",2827848.0
A Large Store of 186M2 in Saint-Denis - Rue Pietonne -,Apartments,140.0,4.0,0.5,3.0,"Seine-Saint-Denis (93), Saint-Denis",2827848.0
3 Room(s) Apartment for Sale in Paris 17E Arrondissement,Apartment,140.0,3.0,2.0,1.0,Paris 17th Arrondissement (Batignolles-Monceau),2827848.0
3 Room(s) Apartment for Sale in Paris,Apartment,140.0,4.0,2.0,2.0,"Paris 16th Arrondissement (Passy, sud)",2827848.0
3 Room(s) Apartment for Sale in Paris,Apartment,140.0,4.0,2.0,2.0,"Paris 16th Arrondissement (Passy, sud)",2827848.0
3 Room(s) Apartment for Sale in Paris,Apartment,140.0,4.0,2.0,2.0,"Paris 16th Arrondissement (Passy, sud)",2827848.0
5 Room(s) Apartment for Sale in Paris 9E Arrondissement,Apartment,140.0,5.0,3.0,2.0,Paris 9th Arrondissement (Opéra),2827848.0
6 Room(s) House for Sale in Nanterre,Apartments,140.0,5.0,3.0,2.0,"Hauts-de-Seine (92), Nanterre",2827848.0
Maison Saint Denis Rue Catulienne,Apartments,140.0,7.0,4.5,2.0,"Seine-Saint-Denis (93), Saint-Denis",2827848.0
4 Room(s) Apartment for Sale in Paris 4E Arrondissement,Apartment,140.0,3.0,2.0,1.0,Paris 4th Arrondissement (Hôtel-de-Ville),2827848.0
3 Room(s) Apartment for Sale in Suresnes,Apartment,140.0,3.0,2.0,1.0,"Hauts-de-Seine (92), Suresnes",2827848.0
4-Room Apartment at the Foot of the Basilica,Apartment,140.0,5.0,3.0,2.0,"Seine-Saint-Denis (93), Saint-Denis",2827848.0
Nan Room(s) Commercial for Sale in Paris 13E Arrondissement,Apartments,140.0,4.0,0.5,3.0,Paris 13th Arrondissement (Gobelins),2827848.0
5 Room(s) Apartment for Sale in Paris,Apartment,140.0,5.0,3.0,2.0,Paris 14th Arrondissement (Observatoire),2827848.0
8 Room(s) House for Sale in Créteil,Apartments,140.0,8.0,4.5,3.0,"Val-de-Marne (94), Créteil",2827848.0
3 Bed Apartment for Sale in Suresnes,Apartment,140.0,3.0,3.0,3.0,"Hauts-de-Seine (92), Suresnes",2827848.0
"Paris, Ile De France - Alguesens - 2 Bed",Apartments,140.0,3.0,2.0,1.0,Paris 13th Arrondissement (Gobelins),2827848.0
"Paris, Ile De France - Alguesens - 3 Bed",Apartments,140.0,5.0,3.0,2.0,Paris 13th Arrondissement (Gobelins),2827848.0
"Paris, Ile De France - Alguesens - 4 Bed",Apartments,140.0,6.0,4.0,2.0,Paris 13th Arrondissement (Gobelins),2827848.0
"Paris, Ile De France - Alguesens - 1 Bed",Apartments,140.0,2.0,1.0,1.0,Paris 13th Arrondissement (Gobelins),2827848.0
4 Bed Apartment for Sale in Bezons,Apartment,140.0,4.0,4.0,3.0,"Val-d'Oise (95), Bezons",2827848.0
4 Room(s) Apartment for Sale in Clichy,Apartment,140.0,4.0,3.0,1.0,"Hauts-de-Seine (92), Clichy",2827848.0
3 Room(s) Apartment for Sale in Paris,Apartment,140.0,4.0,2.0,2.0,Paris 10th Arrondissement (Enclos-St-Laurent / Entrepôt),2827848.0
Triplex Apartment with Terrace,Apartment,140.0,5.0,3.0,2.0,"Seine-Saint-Denis (93), Saint-Denis",2827848.0
Charming Apartment Theater Gerard Philippe,Apartment,140.0,3.0,2.0,1.0,"Seine-Saint-Denis (93), Saint-Denis",2827848.0
"Paris, Ile De France - Triptych - 3 Bed",Apartments,140.0,5.0,3.0,2.0,Paris 14th Arrondissement (Observatoire),2827848.0
"Paris, Ile De France - Triptych - 4 Bed",Apartments,140.0,6.0,4.0,2.0,Paris 14th Arrondissement (Observatoire),2827848.0
"Paris, Ile De France - Carré Parmentier - 2 Bed",Apartments,140.0,3.0,2.0,1.0,Paris 11th Arrondissement (Popincourt),2827848.0
"Paris, Ile De France - Carré Parmentier - 3 Bed",Apartments,140.0,5.0,3.0,2.0,Paris 11th Arrondissement (Popincourt),2827848.0
"Paris, Ile De France - Carré Parmentier - 1 Bed",Apartments,140.0,2.0,1.0,1.0,Paris 11th Arrondissement (Popincourt),2827848.0
Double Terrace Catulienne,Apartments,140.0,8.0,4.0,4.0,"Seine-Saint-Denis (93), Saint-Denis",2827848.0
5-Room Duplex Apartment in the Historic Center of Saint Denis,Apartment,140.0,6.0,4.0,2.0,"Seine-Saint-Denis (93), Saint-Denis",2827848.0
A Real Estate Complex with a 9.41% Profitability in Bobigny,Apartments,140.0,8.0,4.5,1.0,"Seine-Saint-Denis (93), Bobigny",2827848.0
2 Room(s) Commercial for Sale in Paris 5E Arrondissement,Apartments,140.0,4.0,0.5,3.0,Paris 5th Arrondissement (Panthéon),2827848.0
"Paris, Ile De France - Square Invalides - Studio",Studio,140.0,2.0,1.0,1.0,Paris 7th Arrondissement (Palais-Bourbon),2827848.0
"Paris, Ile De France - the Arsenal - Studio",Studio,140.0,2.0,1.0,1.0,Paris 4th Arrondissement (Hôtel-de-Ville),2827848.0
"Paris, Ile De France - the Timeless - 2 Bed",Apartments,140.0,3.0,2.0,1.0,"Hauts-de-Seine (92), Neuilly-sur-Seine",2827848.0
"Paris, Ile De France - the Timeless - 3 Bed",Apartments,140.0,4.0,3.0,1.0,"Hauts-de-Seine (92), Neuilly-sur-Seine",2827848.0
Building of 450M2 Living Room + Land of 600 M2- Constructi,Studio,140.0,1.0,1.0,3.0,"Seine-Saint-Denis (93), Pierrefitte-sur-Seine",2827848.0
Hotel Stains-650m²- 11 Rooms + 10 + 1 Housing Coffee Bar,Apartments,140.0,8.0,4.5,3.0,"Seine-Saint-Denis (93), Stains",2827848.0
